zaxis,yaxis,H,B,C,O,F,Na,Mg,Al,Si,P,S,Cl,K,Ca,Ti,V,Mn,Fe,Ni,Cu,Zn,As,Se,Ag,Sb,Ba,Pb,Bi,U
H,H,3261,203,338,3239,197,719,523,880,1051,527,530,240,343,998,202,190,435,751,64,364,225,398,25,4,36,156,229,44,279
H,B,203,203,13,202,17,53,62,57,84,4,9,31,11,94,7,4,16,21,0,4,0,2,0,0,0,7,5,0,0
H,C,338,13,338,325,15,70,57,55,49,22,34,24,15,107,2,5,17,22,14,39,17,4,0,0,0,13,27,0,40
H,O,3239,202,325,3239,194,719,523,880,1049,527,530,235,343,998,202,189,435,751,63,363,225,398,25,4,36,156,228,43,279
H,F,197,17,15,194,197,85,35,90,102,37,27,15,29,88,44,5,32,37,0,6,3,3,0,0,0,26,7,0,10
H,Na,719,53,70,719,85,719,129,220,415,94,108,57,158,275,108,27,107,164,2,19,15,40,2,0,7,55,6,1,37
H,Mg,523,62,57,523,35,129,523,194,201,89,61,35,62,158,21,23,55,132,5,20,27,45,1,0,2,15,8,1,23
H,Al,880,57,55,880,90,220,194,880,457,170,146,41,117,321,23,35,84,186,7,44,37,47,4,0,5,44,29,1,20
H,Si,1051,84,49,1049,102,415,201,457,1051,18,43,59,206,476,141,29,206,257,7,29,36,17,1,0,2,93,30,1,19
H,P,527,4,22,527,37,94,89,170,18,527,24,4,33,146,12,16,101,181,2,42,43,10,0,0,0,33,30,11,52
H,S,530,9,34,530,27,108,61,146,43,24,530,32,61,96,3,11,21,128,16,88,47,23,3,1,10,7,49,4,59
H,Cl,240,31,24,235,15,57,35,41,59,4,32,240,36,79,8,4,30,44,6,64,10,19,2,2,3,13,41,2,2
H,K,343,11,15,343,29,158,62,117,206,33,61,36,343,124,58,14,44,90,1,18,9,14,1,1,2,30,5,0,28
H,Ca,998,94,107,998,88,275,158,321,476,146,96,79,124,998,53,56,137,206,5,56,32,112,3,0,5,36,18,2,59
H,Ti,202,7,2,202,44,108,21,23,141,12,3,8,58,53,202,12,40,74,0,2,17,5,0,0,3,47,4,0,13
H,V,190,4,5,189,5,27,23,35,29,16,11,4,14,56,12,190,26,29,2,12,6,11,0,0,0,14,15,5,22
H,Mn,435,16,17,435,32,107,55,84,206,101,21,30,44,137,40,26,435,107,2,7,35,64,0,0,2,28,21,0,7
H,Fe,751,21,22,751,37,164,132,186,257,181,128,44,90,206,74,29,107,751,9,28,58,96,1,1,6,39,44,10,22
H,Ni,64,0,14,63,0,2,5,7,7,2,16,6,1,5,0,2,2,9,64,6,1,11,1,0,2,0,1,1,4
H,Cu,364,4,39,363,6,19,20,44,29,42,88,64,18,56,2,12,7,28,6,364,35,93,12,2,5,2,59,8,18
H,Zn,225,0,17,225,3,15,27,37,36,43,47,10,9,32,17,6,35,58,1,35,225,59,0,1,3,2,28,0,4
H,As,398,2,4,398,3,40,45,47,17,10,23,19,14,112,5,11,64,96,11,93,59,398,0,0,10,9,46,14,35
H,Se,25,0,0,25,0,2,1,4,1,0,3,2,1,3,0,0,0,1,1,12,0,0,25,0,0,1,7,1,7
H,Ag,4,0,0,4,0,0,0,0,0,0,1,2,1,0,0,0,0,1,0,2,1,0,0,4,1,0,2,0,0
H,Sb,36,0,0,36,0,7,2,5,2,0,10,3,2,5,3,0,2,6,2,5,3,10,0,1,36,0,4,0,0
H,Ba,156,7,13,156,26,55,15,44,93,33,7,13,30,36,47,14,28,39,0,2,2,9,1,0,0,156,2,0,14
H,Pb,229,5,27,228,7,6,8,29,30,30,49,41,5,18,4,15,21,44,1,59,28,46,7,2,4,2,229,5,28
H,Bi,44,0,0,43,0,1,1,1,1,11,4,2,0,2,0,5,0,10,1,8,0,14,1,0,0,0,5,44,7
H,U,279,0,40,279,10,37,23,20,19,52,59,2,28,59,13,22,7,22,4,18,4,35,7,0,0,14,28,7,279
B,H,203,203,13,202,17,53,62,57,84,4,9,31,11,94,7,4,16,21,0,4,0,2,0,0,0,7,5,0,0
B,B,203,302,14,296,37,66,93,86,127,8,9,38,19,120,13,6,29,43,1,6,1,8,0,0,4,14,7,0,0
B,C,13,14,14,14,1,1,7,2,4,0,0,3,0,8,0,0,1,0,0,1,0,0,0,0,0,0,3,0,0
B,O,202,296,14,296,33,64,93,86,126,8,9,38,17,120,12,6,29,43,1,6,1,8,0,0,4,14,7,0,0
B,F,17,37,1,33,37,15,12,11,26,6,2,2,4,15,3,2,3,9,0,0,0,5,0,0,0,5,3,0,0
B,Na,53,66,1,64,15,66,15,21,44,3,3,4,7,17,4,3,7,12,0,0,0,2,0,0,0,4,0,0,0
B,Mg,62,93,7,93,12,15,93,31,33,3,1,11,4,23,3,5,6,13,0,0,0,4,0,0,3,1,2,0,0
B,Al,57,86,2,86,11,21,31,86,66,0,3,5,6,29,3,1,7,21,0,0,0,2,0,0,1,0,0,0,0
B,Si,84,127,4,126,26,44,33,66,127,4,2,8,9,49,10,4,15,29,0,0,0,3,0,0,0,14,4,0,0
B,P,4,8,0,8,6,3,3,0,4,8,0,0,0,4,2,2,2,3,0,0,0,2,0,0,0,1,0,0,0
B,S,9,9,0,9,2,3,1,3,2,0,9,2,1,8,0,0,0,2,0,0,0,0,0,0,0,0,0,0,0
B,Cl,31,38,3,38,2,4,11,5,8,0,2,38,4,18,3,1,4,5,0,1,1,0,0,0,0,3,3,0,0
B,K,11,19,0,17,4,7,4,6,9,0,1,4,19,5,1,0,1,0,0,0,1,0,0,0,0,2,1,0,0
B,Ca,94,120,8,120,15,17,23,29,49,4,8,18,5,120,4,0,7,16,0,2,0,5,0,0,0,5,2,0,0
B,Ti,7,13,0,12,3,4,3,3,10,2,0,3,1,4,13,1,1,6,0,0,0,0,0,0,0,6,0,0,0
B,V,4,6,0,6,2,3,5,1,4,2,0,1,0,0,1,6,0,0,0,0,0,2,0,0,0,1,0,0,0
B,Mn,16,29,1,29,3,7,6,7,15,2,0,4,1,7,1,0,29,2,0,0,0,0,0,0,3,1,1,0,0
B,Fe,21,43,0,43,9,12,13,21,29,3,2,5,0,16,6,0,2,43,1,1,0,2,0,0,1,2,0,0,0
B,Ni,0,1,0,1,0,0,0,0,0,0,0,0,0,0,0,0,0,1,1,0,0,0,0,0,0,0,0,0,0
B,Cu,4,6,1,6,0,0,0,0,0,0,0,1,0,2,0,0,0,1,0,6,0,0,0,0,0,0,0,0,0
B,Zn,0,1,0,1,0,0,0,0,0,0,0,1,1,0,0,0,0,0,0,0,1,0,0,0,0,0,0,0,0
B,As,2,8,0,8,5,2,4,2,3,2,0,0,0,5,0,2,0,2,0,0,0,8,0,0,0,0,0,0,0
B,Se,0,0,0,0,0,0,0,0,0,0,0,0,0,0,0,0,0,0,0,0,0,0,0,0,0,0,0,0,0
B,Ag,0,0,0,0,0,0,0,0,0,0,0,0,0,0,0,0,0,0,0,0,0,0,0,0,0,0,0,0,0
B,Sb,0,4,0,4,0,0,3,1,0,0,0,0,0,0,0,0,3,1,0,0,0,0,0,0,4,0,0,0,0
B,Ba,7,14,0,14,5,4,1,0,14,1,0,3,2,5,6,1,1,2,0,0,0,0,0,0,0,14,1,0,0
B,Pb,5,7,3,7,3,0,2,0,4,0,0,3,1,2,0,0,1,0,0,0,0,0,0,0,0,1,7,0,0
B,Bi,0,0,0,0,0,0,0,0,0,0,0,0,0,0,0,0,0,0,0,0,0,0,0,0,0,0,0,0,0
B,U,0,0,0,0,0,0,0,0,0,0,0,0,0,0,0,0,0,0,0,0,0,0,0,0,0,0,0,0,0
C,H,338,13,338,325,15,70,57,55,49,22,34,24,15,107,2,5,17,22,14,39,17,4,0,0,0,13,27,0,40
C,B,13,14,14,14,1,1,7,2,4,0,0,3,0,8,0,0,1,0,0,1,0,0,0,0,0,0,3,0,0
C,C,338,14,469,441,44,112,68,60,67,30,43,33,22,155,6,5,25,33,17,43,19,4,0,0,0,32,34,3,43
C,O,325,14,441,441,44,112,68,60,66,30,43,33,22,155,5,5,25,28,14,43,19,4,0,0,0,32,34,3,43
C,F,15,1,44,44,44,17,3,4,7,5,3,2,2,24,1,1,2,1,0,0,0,0,0,0,0,13,1,1,2
C,Na,70,1,112,112,17,112,10,17,24,14,15,10,11,44,4,0,9,7,1,6,0,1,0,0,0,10,2,0,7
C,Mg,57,7,68,68,3,10,68,9,5,11,6,5,2,19,0,1,2,8,0,4,2,0,0,0,0,3,3,0,7
C,Al,55,2,60,60,4,17,9,60,21,7,9,7,5,21,0,1,2,2,1,1,1,0,0,0,0,6,4,0,0
C,Si,49,4,67,66,7,24,5,21,67,6,9,8,8,36,4,1,6,9,0,2,0,0,0,0,0,8,7,0,2
C,P,22,0,30,30,5,14,11,7,6,30,2,1,1,10,0,2,3,2,0,1,1,0,0,0,0,4,0,0,0
C,S,34,0,43,43,3,15,6,9,9,2,43,6,4,13,0,0,5,4,1,4,3,1,0,0,0,1,8,0,2
C,Cl,24,3,33,33,2,10,5,7,8,1,6,33,4,12,0,0,3,1,0,6,0,0,0,0,0,3,7,0,0
C,K,15,0,22,22,2,11,2,5,8,1,4,4,22,13,0,1,0,1,0,1,0,0,0,0,0,1,0,0,4
C,Ca,107,8,155,155,24,44,19,21,36,10,13,12,13,155,0,3,9,4,0,7,3,2,0,0,0,14,2,2,25
C,Ti,2,0,6,5,1,4,0,0,4,0,0,0,0,0,6,0,0,1,0,0,0,0,0,0,0,1,0,0,0
C,V,5,0,5,5,1,0,1,1,1,2,0,0,1,3,0,5,0,0,0,0,0,0,0,0,0,1,0,0,0
C,Mn,17,1,25,25,2,9,2,2,6,3,5,3,0,9,0,0,25,0,0,0,1,2,0,0,0,0,2,0,0
C,Fe,22,0,33,28,1,7,8,2,9,2,4,1,1,4,1,0,0,33,3,0,2,0,0,0,0,3,1,0,0
C,Ni,14,0,17,14,0,1,0,1,0,0,1,0,0,0,0,0,0,3,17,1,0,0,0,0,0,0,0,0,0
C,Cu,39,1,43,43,0,6,4,1,2,1,4,6,1,7,0,0,0,0,1,43,4,2,0,0,0,0,5,0,4
C,Zn,17,0,19,19,0,0,2,1,0,1,3,0,0,3,0,0,1,2,0,4,19,1,0,0,0,0,0,0,1
C,As,4,0,4,4,0,1,0,0,0,0,1,0,0,2,0,0,2,0,0,2,1,4,0,0,0,0,0,0,0
C,Se,0,0,0,0,0,0,0,0,0,0,0,0,0,0,0,0,0,0,0,0,0,0,0,0,0,0,0,0,0
C,Ag,0,0,0,0,0,0,0,0,0,0,0,0,0,0,0,0,0,0,0,0,0,0,0,0,0,0,0,0,0
C,Sb,0,0,0,0,0,0,0,0,0,0,0,0,0,0,0,0,0,0,0,0,0,0,0,0,0,0,0,0,0
C,Ba,13,0,32,32,13,10,3,6,8,4,1,3,1,14,1,1,0,3,0,0,0,0,0,0,0,32,0,0,0
C,Pb,27,3,34,34,1,2,3,4,7,0,8,7,0,2,0,0,2,1,0,5,0,0,0,0,0,0,34,0,1
C,Bi,0,0,3,3,1,0,0,0,0,0,0,0,0,2,0,0,0,0,0,0,0,0,0,0,0,0,0,3,0
C,U,40,0,43,43,2,7,7,0,2,0,2,0,4,25,0,0,0,0,0,4,1,0,0,0,0,0,1,0,43
O,H,3239,202,325,3239,194,719,523,880,1049,527,530,235,343,998,202,189,435,751,63,363,225,398,25,4,36,156,228,43,279
O,B,202,296,14,296,33,64,93,86,126,8,9,38,17,120,12,6,29,43,1,6,1,8,0,0,4,14,7,0,0
O,C,325,14,441,441,44,112,68,60,66,30,43,33,22,155,5,5,25,28,14,43,19,4,0,0,0,32,34,3,43
O,O,3239,296,441,4742,407,1082,744,1140,1603,688,661,369,521,1427,391,268,605,1085,83,486,275,520,41,8,101,250,360,84,306
O,F,194,33,44,407,407,188,84,134,216,79,40,26,58,196,77,11,42,70,0,9,3,20,0,0,1,53,15,3,12
O,Na,719,64,112,1082,188,1082,203,296,589,159,156,89,225,400,172,35,152,251,2,47,21,78,3,0,11,74,12,5,42
O,Mg,523,93,68,744,84,203,744,259,305,111,72,44,91,231,55,31,72,198,5,29,29,65,1,0,8,25,9,1,23
O,Al,880,86,60,1140,134,296,259,1140,621,190,161,61,173,419,48,39,102,245,8,51,42,60,4,0,9,51,33,1,20
O,Si,1049,126,66,1603,216,589,305,621,1603,41,63,89,303,701,232,44,270,383,8,39,54,26,1,0,8,143,49,3,21
O,P,527,8,30,688,79,159,111,190,41,688,26,13,37,209,18,18,133,230,9,45,45,13,0,0,0,47,36,12,53
O,S,530,9,43,661,40,156,72,161,63,26,661,59,104,121,3,13,26,141,16,118,54,26,4,3,20,10,74,11,59
O,Cl,235,38,33,369,26,89,44,61,89,13,59,369,58,108,12,14,37,56,6,96,14,42,13,4,10,19,82,6,2
O,K,343,17,22,521,58,225,91,173,303,37,104,58,521,166,83,20,56,121,1,44,19,29,3,1,2,35,11,1,30
O,Ca,998,120,155,1427,196,400,231,419,701,209,121,108,166,1427,115,67,172,299,9,66,40,142,3,0,18,60,32,4,67
O,Ti,202,12,5,391,77,172,55,48,232,18,3,12,83,115,391,19,58,150,0,3,18,16,0,0,4,72,10,0,19
O,V,189,6,5,268,11,35,31,39,44,18,13,14,20,67,19,268,32,39,2,30,7,18,0,1,1,22,25,8,22
O,Mn,435,29,25,605,42,152,72,102,270,133,26,37,56,172,58,32,605,147,2,11,42,74,0,0,17,32,34,0,8
O,Fe,751,43,28,1085,70,251,198,245,383,230,141,56,121,299,150,39,147,1085,14,48,63,124,1,1,22,56,65,12,30
O,Ni,63,1,14,83,0,2,5,8,8,9,16,6,1,9,0,2,2,14,83,6,1,17,1,0,3,0,1,2,4
O,Cu,363,6,43,486,9,47,29,51,39,45,118,96,44,66,3,30,11,48,6,486,39,126,22,4,9,5,73,12,18
O,Zn,225,1,19,275,3,21,29,42,54,45,54,14,19,40,18,7,42,63,1,39,275,66,3,1,5,3,36,0,4
O,As,398,8,4,520,20,78,65,60,26,13,26,42,29,142,16,18,74,124,17,126,66,520,0,2,17,11,62,18,36
O,Se,25,0,0,41,0,3,1,4,1,0,4,13,3,3,0,0,0,1,1,22,3,0,41,0,0,1,13,2,7
O,Ag,4,0,0,8,0,0,0,0,0,0,3,4,1,0,0,1,0,1,0,4,1,2,0,8,3,0,4,0,0
O,Sb,36,4,0,101,1,11,8,9,8,0,20,10,2,18,4,1,17,22,3,9,5,17,0,3,101,0,17,2,0
O,Ba,156,14,32,250,53,74,25,51,143,47,10,19,35,60,72,22,32,56,0,5,3,11,1,0,0,250,3,0,14
O,Pb,228,7,34,360,15,12,9,33,49,36,74,82,11,32,10,25,34,65,1,73,36,62,13,4,17,3,360,6,34
O,Bi,43,0,3,84,3,5,1,1,3,12,11,6,1,4,0,8,0,12,2,12,0,18,2,0,2,0,6,84,7
O,U,279,0,43,306,12,42,23,20,21,53,59,2,30,67,19,22,8,30,4,18,4,36,7,0,0,14,34,7,306
F,H,197,17,15,194,197,85,35,90,102,37,27,15,29,88,44,5,32,37,0,6,3,3,0,0,0,26,7,0,10
F,B,17,37,1,33,37,15,12,11,26,6,2,2,4,15,3,2,3,9,0,0,0,5,0,0,0,5,3,0,0
F,C,15,1,44,44,44,17,3,4,7,5,3,2,2,24,1,1,2,1,0,0,0,0,0,0,0,13,1,1,2
F,O,194,33,44,407,407,188,84,134,216,79,40,26,58,196,77,11,42,70,0,9,3,20,0,0,1,53,15,3,12
F,F,197,37,44,407,456,207,90,150,223,79,40,31,66,209,77,11,42,70,0,9,3,20,0,1,1,57,20,4,12
F,Na,85,15,17,188,207,207,35,56,124,34,14,16,32,102,61,0,30,47,0,3,3,11,0,0,1,28,2,1,3
F,Mg,35,12,3,84,90,35,90,39,51,11,8,2,14,36,3,3,3,19,0,1,0,8,0,0,0,6,1,0,2
F,Al,90,11,4,134,150,56,39,150,60,30,21,5,19,64,2,3,7,21,0,4,0,5,0,0,0,8,3,0,5
F,Si,102,26,7,216,223,124,51,60,223,17,6,10,57,118,65,2,33,55,0,0,1,3,0,0,0,34,3,0,0
F,P,37,6,5,79,79,34,11,30,17,79,2,1,2,40,11,4,8,10,0,3,0,2,0,0,0,15,2,0,1
F,S,27,2,3,40,40,14,8,21,6,2,40,9,6,18,0,0,2,0,0,0,0,0,0,0,0,1,3,0,3
F,Cl,15,2,2,26,31,16,2,5,10,1,9,31,4,13,3,0,4,2,0,4,0,3,0,1,0,5,7,0,0
F,K,29,4,2,58,66,32,14,19,57,2,6,4,66,27,15,0,12,14,0,0,0,0,0,0,0,8,1,0,0
F,Ca,88,15,24,196,209,102,36,64,118,40,18,13,27,209,30,4,17,27,0,1,0,9,0,0,1,21,5,1,4
F,Ti,44,3,1,77,77,61,3,2,65,11,0,3,15,30,77,3,21,27,0,1,3,3,0,0,0,24,1,0,2
F,V,5,2,1,11,11,0,3,3,2,4,0,0,0,4,3,11,0,2,0,2,0,3,0,0,0,3,0,0,2
F,Mn,32,3,2,42,42,30,3,7,33,8,2,4,12,17,21,0,42,9,0,0,1,0,0,0,0,10,1,0,0
F,Fe,37,9,1,70,70,47,19,21,55,10,0,2,14,27,27,2,9,70,0,0,2,5,0,0,0,12,1,0,2
F,Ni,0,0,0,0,0,0,0,0,0,0,0,0,0,0,0,0,0,0,0,0,0,0,0,0,0,0,0,0,0
F,Cu,6,0,0,9,9,3,1,4,0,3,0,4,0,1,1,2,0,0,0,9,0,3,0,0,0,0,0,0,0
F,Zn,3,0,0,3,3,3,0,0,1,0,0,0,0,0,3,0,1,2,0,0,3,0,0,0,0,1,1,0,0
F,As,3,5,0,20,20,11,8,5,3,2,0,3,0,9,3,3,0,5,0,3,0,20,0,0,0,1,0,0,2
F,Se,0,0,0,0,0,0,0,0,0,0,0,0,0,0,0,0,0,0,0,0,0,0,0,0,0,0,0,0,0
F,Ag,0,0,0,0,1,0,0,0,0,0,0,1,0,0,0,0,0,0,0,0,0,0,0,1,0,0,1,0,0
F,Sb,0,0,0,1,1,1,0,0,0,0,0,0,0,1,0,0,0,0,0,0,0,0,0,0,1,0,0,0,0
F,Ba,26,5,13,53,57,28,6,8,34,15,1,5,8,21,24,3,10,12,0,0,1,1,0,0,0,57,1,0,0
F,Pb,7,3,1,15,20,2,1,3,3,2,3,7,1,5,1,0,1,1,0,0,1,0,0,1,0,1,20,0,1
F,Bi,0,0,1,3,4,1,0,0,0,0,0,0,0,1,0,0,0,0,0,0,0,0,0,0,0,0,0,4,0
F,U,10,0,2,12,12,3,2,5,0,1,3,0,0,4,2,2,0,2,0,0,0,2,0,0,0,0,1,0,12
Na,H,719,53,70,719,85,719,129,220,415,94,108,57,158,275,108,27,107,164,2,19,15,40,2,0,7,55,6,1,37
Na,B,53,66,1,64,15,66,15,21,44,3,3,4,7,17,4,3,7,12,0,0,0,2,0,0,0,4,0,0,0
Na,C,70,1,112,112,17,112,10,17,24,14,15,10,11,44,4,0,9,7,1,6,0,1,0,0,0,10,2,0,7
Na,O,719,64,112,1082,188,1082,203,296,589,159,156,89,225,400,172,35,152,251,2,47,21,78,3,0,11,74,12,5,42
Na,F,85,15,17,188,207,207,35,56,124,34,14,16,32,102,61,0,30,47,0,3,3,11,0,0,1,28,2,1,3
Na,Na,719,66,112,1082,207,1106,206,305,592,159,158,92,230,405,172,35,153,253,2,48,22,78,3,0,11,75,12,5,42
Na,Mg,129,15,10,203,35,206,206,83,111,31,17,7,43,80,17,11,19,59,0,7,1,25,1,0,0,5,1,0,2
Na,Al,220,21,17,296,56,305,83,305,212,46,42,26,75,142,7,4,24,69,0,4,4,12,0,0,0,13,2,0,1
Na,Si,415,44,24,589,124,592,111,212,592,22,30,44,166,247,151,8,98,145,0,3,13,4,0,0,0,50,0,0,3
Na,P,94,3,14,159,34,159,31,46,22,159,3,4,13,59,12,2,34,55,0,4,0,3,0,0,0,15,1,0,2
Na,S,108,3,15,156,14,158,17,42,30,3,158,31,43,43,2,0,5,19,1,13,5,2,0,0,3,2,3,3,20
Na,Cl,57,4,10,89,16,92,7,26,44,4,31,92,28,48,6,1,15,24,0,14,1,14,1,0,1,3,3,1,1
Na,K,158,7,11,225,32,230,43,75,166,13,43,28,230,103,51,6,35,52,0,11,5,9,1,0,1,23,4,0,6
Na,Ca,275,17,44,400,102,405,80,142,247,59,43,48,103,405,52,12,60,98,0,15,2,34,0,0,1,25,5,0,11
Na,Ti,108,4,4,172,61,172,17,7,151,12,2,6,51,52,172,2,35,49,0,2,7,6,0,0,1,39,3,0,2
Na,V,27,3,0,35,0,35,11,4,8,2,0,1,6,12,2,35,5,4,0,1,0,3,0,0,0,0,0,0,1
Na,Mn,107,7,9,152,30,153,19,24,98,34,5,15,35,60,35,5,153,44,0,0,3,11,0,0,0,11,2,0,1
Na,Fe,164,12,7,251,47,253,59,69,145,55,19,24,52,98,49,4,44,253,0,12,3,28,0,0,0,18,5,0,2
Na,Ni,2,0,1,2,0,2,0,0,0,0,1,0,0,0,0,0,0,0,2,0,0,0,0,0,0,0,0,0,0
Na,Cu,19,0,6,47,3,48,7,4,3,4,13,14,11,15,2,1,0,12,0,48,2,21,1,0,1,0,2,1,0
Na,Zn,15,0,0,21,3,22,1,4,13,0,5,1,5,2,7,0,3,3,0,2,22,2,0,0,0,2,1,0,0
Na,As,40,2,1,78,11,78,25,12,4,3,2,14,9,34,6,3,11,28,0,21,2,78,0,0,3,0,2,0,1
Na,Se,2,0,0,3,0,3,1,0,0,0,0,1,1,0,0,0,0,0,0,1,0,0,3,0,0,0,0,0,1
Na,Ag,0,0,0,0,0,0,0,0,0,0,0,0,0,0,0,0,0,0,0,0,0,0,0,0,0,0,0,0,0
Na,Sb,7,0,0,11,1,11,0,0,0,0,3,1,1,1,1,0,0,0,0,1,0,3,0,0,11,0,0,0,0
Na,Ba,55,4,10,74,28,75,5,13,50,15,2,3,23,25,39,0,11,18,0,0,2,0,0,0,0,75,1,0,2
Na,Pb,6,0,2,12,2,12,1,2,0,1,3,3,4,5,3,0,2,5,0,2,1,2,0,0,0,1,12,0,3
Na,Bi,1,0,0,5,1,5,0,0,0,0,3,1,0,0,0,0,0,0,0,1,0,0,0,0,0,0,0,5,0
Na,U,37,0,7,42,3,42,2,1,3,2,20,1,6,11,2,1,1,2,0,0,0,1,1,0,0,2,3,0,42
Mg,H,523,62,57,523,35,129,523,194,201,89,61,35,62,158,21,23,55,132,5,20,27,45,1,0,2,15,8,1,23
Mg,B,62,93,7,93,12,15,93,31,33,3,1,11,4,23,3,5,6,13,0,0,0,4,0,0,3,1,2,0,0
Mg,C,57,7,68,68,3,10,68,9,5,11,6,5,2,19,0,1,2,8,0,4,2,0,0,0,0,3,3,0,7
Mg,O,523,93,68,744,84,203,744,259,305,111,72,44,91,231,55,31,72,198,5,29,29,65,1,0,8,25,9,1,23
Mg,F,35,12,3,84,90,35,90,39,51,11,8,2,14,36,3,3,3,19,0,1,0,8,0,0,0,6,1,0,2
Mg,Na,129,15,10,203,35,206,206,83,111,31,17,7,43,80,17,11,19,59,0,7,1,25,1,0,0,5,1,0,2
Mg,Mg,523,93,68,744,90,206,752,262,305,111,73,45,92,233,55,31,72,198,5,29,29,65,1,0,8,26,9,1,23
Mg,Al,194,31,9,259,39,83,262,262,165,29,20,9,36,111,24,7,26,82,1,4,13,9,0,0,2,10,1,0,0
Mg,Si,201,33,5,305,51,111,305,165,305,3,1,9,57,122,26,7,34,98,2,3,8,7,0,0,1,10,5,0,2
Mg,P,89,3,11,111,11,31,111,29,3,111,1,0,8,38,2,4,22,28,0,2,5,2,0,0,0,6,0,0,2
Mg,S,61,1,6,72,8,17,73,20,1,1,73,5,14,8,0,1,0,16,1,7,2,0,0,0,0,0,1,0,5
Mg,Cl,35,11,5,44,2,7,45,9,9,0,5,45,6,12,2,0,3,6,0,5,1,4,0,0,0,2,2,0,0
Mg,K,62,4,2,91,14,43,92,36,57,8,14,6,92,24,11,4,11,33,0,2,2,2,1,0,0,4,1,0,1
Mg,Ca,158,23,19,231,36,80,233,111,122,38,8,12,24,233,14,9,19,71,1,6,3,27,0,0,1,7,2,0,5
Mg,Ti,21,3,0,55,3,17,55,24,26,2,0,2,11,14,55,1,3,35,0,0,3,1,0,0,0,9,0,0,0
Mg,V,23,5,1,31,3,11,31,7,7,4,1,0,4,9,1,31,2,2,0,1,0,3,0,0,0,0,0,0,0
Mg,Mn,55,6,2,72,3,19,72,26,34,22,0,3,11,19,3,2,72,25,1,0,13,11,0,0,3,3,2,0,0
Mg,Fe,132,13,8,198,19,59,198,82,98,28,16,6,33,71,35,2,25,198,2,6,17,15,0,0,3,9,4,1,1
Mg,Ni,5,0,0,5,0,0,5,1,2,0,1,0,0,1,0,0,1,2,5,0,0,0,0,0,0,0,0,0,0
Mg,Cu,20,0,4,29,1,7,29,4,3,2,7,5,2,6,0,1,0,6,0,29,1,6,0,0,0,0,1,0,1
Mg,Zn,27,0,2,29,0,1,29,13,8,5,2,1,2,3,3,0,13,17,0,1,29,5,0,0,1,0,1,0,0
Mg,As,45,4,0,65,8,25,65,9,7,2,0,4,2,27,1,3,11,15,0,6,5,65,0,0,0,0,2,1,4
Mg,Se,1,0,0,1,0,1,1,0,0,0,0,0,1,0,0,0,0,0,0,0,0,0,1,0,0,0,0,0,0
Mg,Ag,0,0,0,0,0,0,0,0,0,0,0,0,0,0,0,0,0,0,0,0,0,0,0,0,0,0,0,0,0
Mg,Sb,2,3,0,8,0,0,8,2,1,0,0,0,0,1,0,0,3,3,0,0,1,0,0,0,8,0,0,0,0
Mg,Ba,15,1,3,25,6,5,26,10,10,6,0,2,4,7,9,0,3,9,0,0,0,0,0,0,0,26,0,0,0
Mg,Pb,8,2,3,9,1,1,9,1,5,0,1,2,1,2,0,0,2,4,0,1,1,2,0,0,0,0,9,0,1
Mg,Bi,1,0,0,1,0,0,1,0,0,0,0,0,0,0,0,0,0,1,0,0,0,1,0,0,0,0,0,1,0
Mg,U,23,0,7,23,2,2,23,0,2,2,5,0,1,5,0,0,0,1,0,1,0,4,0,0,0,0,1,0,23
Al,H,880,57,55,880,90,220,194,880,457,170,146,41,117,321,23,35,84,186,7,44,37,47,4,0,5,44,29,1,20
Al,B,57,86,2,86,11,21,31,86,66,0,3,5,6,29,3,1,7,21,0,0,0,2,0,0,1,0,0,0,0
Al,C,55,2,60,60,4,17,9,60,21,7,9,7,5,21,0,1,2,2,1,1,1,0,0,0,0,6,4,0,0
Al,O,880,86,60,1140,134,296,259,1140,621,190,161,61,173,419,48,39,102,245,8,51,42,60,4,0,9,51,33,1,20
Al,F,90,11,4,134,150,56,39,150,60,30,21,5,19,64,2,3,7,21,0,4,0,5,0,0,0,8,3,0,5
Al,Na,220,21,17,296,56,305,83,305,212,46,42,26,75,142,7,4,24,69,0,4,4,12,0,0,0,13,2,0,1
Al,Mg,194,31,9,259,39,83,262,262,165,29,20,9,36,111,24,7,26,82,1,4,13,9,0,0,2,10,1,0,0
Al,Al,880,86,60,1140,150,305,262,1166,621,190,161,61,174,427,48,39,102,250,10,56,42,60,4,0,9,53,34,1,20
Al,Si,457,66,21,621,60,212,165,621,621,9,37,35,136,309,25,15,60,145,2,8,13,8,1,0,2,32,11,0,0
Al,P,170,0,7,190,30,46,29,190,9,190,11,1,11,46,2,4,34,45,0,7,5,0,0,0,0,12,7,1,13
Al,S,146,3,9,161,21,42,20,161,37,11,161,18,30,49,0,1,4,18,3,20,7,7,0,0,2,3,9,0,4
Al,Cl,41,5,7,61,5,26,9,61,35,1,18,61,19,30,1,0,0,5,0,7,0,2,1,0,1,3,4,0,0
Al,K,117,6,5,173,19,75,36,174,136,11,30,19,174,74,7,1,15,37,0,6,6,8,0,0,0,11,1,0,0
Al,Ca,321,29,21,419,64,142,111,427,309,46,49,30,74,427,16,9,30,111,0,8,2,10,0,0,2,17,9,0,0
Al,Ti,23,3,0,48,2,7,24,48,25,2,0,1,7,16,48,1,2,27,0,0,5,3,0,0,0,4,0,0,0
Al,V,35,1,1,39,3,4,7,39,15,4,1,0,1,9,1,39,4,5,1,3,2,1,0,0,0,2,1,0,2
Al,Mn,84,7,2,102,7,24,26,102,60,34,4,0,15,30,2,4,102,27,0,0,9,5,0,0,1,2,3,0,0
Al,Fe,186,21,2,245,21,69,82,250,145,45,18,5,37,111,27,5,27,250,2,8,17,11,0,0,2,8,7,0,1
Al,Ni,7,0,1,8,0,0,1,10,2,0,3,0,0,0,0,1,0,2,10,2,0,0,0,0,0,0,0,0,0
Al,Cu,44,0,1,51,4,4,4,56,8,7,20,7,6,8,0,3,0,8,2,56,0,15,1,0,3,1,6,0,0
Al,Zn,37,0,1,42,0,4,13,42,13,5,7,0,6,2,5,2,9,17,0,0,42,4,0,0,1,0,1,0,0
Al,As,47,2,0,60,5,12,9,60,8,0,7,2,8,10,3,1,5,11,0,15,4,60,0,0,0,3,3,0,2
Al,Se,4,0,0,4,0,0,0,4,1,0,0,1,0,0,0,0,0,0,0,1,0,0,4,0,0,0,0,0,0
Al,Ag,0,0,0,0,0,0,0,0,0,0,0,0,0,0,0,0,0,0,0,0,0,0,0,0,0,0,0,0,0
Al,Sb,5,1,0,9,0,0,2,9,2,0,2,1,0,2,0,0,1,2,0,3,1,0,0,0,9,0,1,0,0
Al,Ba,44,0,6,51,8,13,10,53,32,12,3,3,11,17,4,2,2,8,0,1,0,3,0,0,0,53,0,0,0
Al,Pb,29,0,4,33,3,2,1,34,11,7,9,4,1,9,0,1,3,7,0,6,1,3,0,0,1,0,34,0,1
Al,Bi,1,0,0,1,0,0,0,1,0,1,0,0,0,0,0,0,0,0,0,0,0,0,0,0,0,0,0,1,0
Al,U,20,0,0,20,5,1,0,20,0,13,4,0,0,0,0,2,0,1,0,0,0,2,0,0,0,0,1,0,20
Si,H,1051,84,49,1049,102,415,201,457,1051,18,43,59,206,476,141,29,206,257,7,29,36,17,1,0,2,93,30,1,19
Si,B,84,127,4,126,26,44,33,66,127,4,2,8,9,49,10,4,15,29,0,0,0,3,0,0,0,14,4,0,0
Si,C,49,4,67,66,7,24,5,21,67,6,9,8,8,36,4,1,6,9,0,2,0,0,0,0,0,8,7,0,2
Si,O,1049,126,66,1603,216,589,305,621,1603,41,63,89,303,701,232,44,270,383,8,39,54,26,1,0,8,143,49,3,21
Si,F,102,26,7,216,223,124,51,60,223,17,6,10,57,118,65,2,33,55,0,0,1,3,0,0,0,34,3,0,0
Si,Na,415,44,24,589,124,592,111,212,592,22,30,44,166,247,151,8,98,145,0,3,13,4,0,0,0,50,0,0,3
Si,Mg,201,33,5,305,51,111,305,165,305,3,1,9,57,122,26,7,34,98,2,3,8,7,0,0,1,10,5,0,2
Si,Al,457,66,21,621,60,212,165,621,621,9,37,35,136,309,25,15,60,145,2,8,13,8,1,0,2,32,11,0,0
Si,Si,1051,127,67,1603,223,592,305,621,1629,43,63,89,307,701,236,44,272,392,10,39,54,26,1,0,8,143,49,3,21
Si,P,18,4,6,41,17,22,3,9,43,43,2,1,3,28,15,0,8,8,1,0,1,0,0,0,0,11,0,0,0
Si,S,43,2,9,63,6,30,1,37,63,2,63,14,18,44,1,0,3,4,0,5,4,1,0,0,0,6,7,0,0
Si,Cl,59,8,8,89,10,44,9,35,89,1,14,89,22,57,11,3,22,27,0,2,1,3,0,0,0,15,10,0,0
Si,K,206,9,8,303,57,166,57,136,307,3,18,22,307,125,69,3,43,69,0,5,12,1,0,0,0,29,1,0,3
Si,Ca,476,49,36,701,118,247,122,309,701,28,44,57,125,701,77,16,96,169,0,10,11,5,0,0,1,34,16,0,7
Si,Ti,141,10,4,232,65,151,26,25,236,15,1,11,69,77,236,2,41,74,0,1,8,2,0,0,0,59,0,0,0
Si,V,29,4,1,44,2,8,7,15,44,0,0,3,3,16,2,44,11,3,0,0,1,2,0,0,0,9,2,0,0
Si,Mn,206,15,6,270,33,98,34,60,272,8,3,22,43,96,41,11,272,56,0,3,16,16,0,0,6,21,7,0,0
Si,Fe,257,29,9,383,55,145,98,145,392,8,4,27,69,169,74,3,56,392,1,4,9,9,0,0,3,36,10,1,0
Si,Ni,7,0,0,8,0,0,2,2,10,1,0,0,0,0,0,0,0,1,10,0,0,0,0,0,0,0,0,0,0
Si,Cu,29,0,2,39,0,3,3,8,39,0,5,2,5,10,1,0,3,4,0,39,1,2,0,0,0,4,7,0,1
Si,Zn,36,0,0,54,1,13,8,13,54,1,4,1,12,11,8,1,16,9,0,1,54,7,0,0,1,3,6,0,0
Si,As,17,3,0,26,3,4,7,8,26,0,1,3,1,5,2,2,16,9,0,2,7,26,0,0,1,0,3,0,0
Si,Se,1,0,0,1,0,0,0,1,1,0,0,0,0,0,0,0,0,0,0,0,0,0,1,0,0,0,0,0,0
Si,Ag,0,0,0,0,0,0,0,0,0,0,0,0,0,0,0,0,0,0,0,0,0,0,0,0,0,0,0,0,0
Si,Sb,2,0,0,8,0,0,1,2,8,0,0,0,0,1,0,0,6,3,0,0,1,1,0,0,8,0,0,0,0
Si,Ba,93,14,8,143,34,50,10,32,143,11,6,15,29,34,59,9,21,36,0,4,3,0,0,0,0,143,2,0,1
Si,Pb,30,4,7,49,3,0,5,11,49,0,7,10,1,16,0,2,7,10,0,7,6,3,0,0,0,2,49,0,1
Si,Bi,1,0,0,3,0,0,0,0,3,0,0,0,0,0,0,0,0,1,0,0,0,0,0,0,0,0,0,3,0
Si,U,19,0,2,21,0,3,2,0,21,0,0,0,3,7,0,0,0,0,0,1,0,0,0,0,0,1,1,0,21
P,H,527,4,22,527,37,94,89,170,18,527,24,4,33,146,12,16,101,181,2,42,43,10,0,0,0,33,30,11,52
P,B,4,8,0,8,6,3,3,0,4,8,0,0,0,4,2,2,2,3,0,0,0,2,0,0,0,1,0,0,0
P,C,22,0,30,30,5,14,11,7,6,30,2,1,1,10,0,2,3,2,0,1,1,0,0,0,0,4,0,0,0
P,O,527,8,30,688,79,159,111,190,41,688,26,13,37,209,18,18,133,230,9,45,45,13,0,0,0,47,36,12,53
P,F,37,6,5,79,79,34,11,30,17,79,2,1,2,40,11,4,8,10,0,3,0,2,0,0,0,15,2,0,1
P,Na,94,3,14,159,34,159,31,46,22,159,3,4,13,59,12,2,34,55,0,4,0,3,0,0,0,15,1,0,2
P,Mg,89,3,11,111,11,31,111,29,3,111,1,0,8,38,2,4,22,28,0,2,5,2,0,0,0,6,0,0,2
P,Al,170,0,7,190,30,46,29,190,9,190,11,1,11,46,2,4,34,45,0,7,5,0,0,0,0,12,7,1,13
P,Si,18,4,6,41,17,22,3,9,43,43,2,1,3,28,15,0,8,8,1,0,1,0,0,0,0,11,0,0,0
P,P,527,8,30,688,79,159,111,190,43,710,26,13,37,209,21,19,133,240,24,45,45,13,0,0,0,47,36,12,53
P,S,24,0,2,26,2,3,1,11,2,26,26,0,0,4,1,0,0,8,0,4,1,0,0,0,0,1,3,0,3
P,Cl,4,0,1,13,1,4,0,1,1,13,0,13,1,7,0,1,2,1,0,3,0,1,0,0,0,2,2,1,0
P,K,33,0,1,37,2,13,8,11,3,37,0,1,37,12,3,3,6,14,0,0,0,1,0,0,0,0,0,0,3
P,Ca,146,4,10,209,40,59,38,46,28,209,4,7,12,209,7,2,38,65,5,8,11,2,0,0,0,16,4,1,10
P,Ti,12,2,0,18,11,12,2,2,15,21,1,0,3,7,21,0,3,4,0,0,0,0,0,0,0,7,0,0,0
P,V,16,2,2,18,4,2,4,4,0,19,0,1,3,2,0,19,1,1,1,2,0,3,0,0,0,3,2,0,1
P,Mn,101,2,3,133,8,34,22,34,8,133,0,2,6,38,3,1,133,65,0,0,11,1,0,0,0,5,1,0,2
P,Fe,181,3,2,230,10,55,28,45,8,240,8,1,14,65,4,1,65,240,8,6,18,2,0,0,0,8,10,3,6
P,Ni,2,0,0,9,0,0,0,0,1,24,0,0,0,5,0,1,0,8,24,0,0,0,0,0,0,0,0,0,0
P,Cu,42,0,1,45,3,4,2,7,0,45,4,3,0,8,0,2,0,6,0,45,6,4,0,0,0,0,6,2,3
P,Zn,43,0,1,45,0,0,5,5,1,45,1,0,0,11,0,0,11,18,0,6,45,3,0,0,0,0,5,0,0
P,As,10,2,0,13,2,3,2,0,0,13,0,1,1,2,0,3,1,2,0,4,3,13,0,0,0,0,2,1,1
P,Se,0,0,0,0,0,0,0,0,0,0,0,0,0,0,0,0,0,0,0,0,0,0,0,0,0,0,0,0,0
P,Ag,0,0,0,0,0,0,0,0,0,0,0,0,0,0,0,0,0,0,0,0,0,0,0,0,0,0,0,0,0
P,Sb,0,0,0,0,0,0,0,0,0,0,0,0,0,0,0,0,0,0,0,0,0,0,0,0,0,0,0,0,0
P,Ba,33,1,4,47,15,15,6,12,11,47,1,2,0,16,7,3,5,8,0,0,0,0,0,0,0,47,0,0,3
P,Pb,30,0,0,36,2,1,0,7,0,36,3,2,0,4,0,2,1,10,0,6,5,2,0,0,0,0,36,2,7
P,Bi,11,0,0,12,0,0,0,1,0,12,0,1,0,1,0,0,0,3,0,2,0,1,0,0,0,0,2,12,3
P,U,52,0,0,53,1,2,2,13,0,53,3,0,3,10,0,1,2,6,0,3,0,1,0,0,0,3,7,3,53
S,H,530,9,34,530,27,108,61,146,43,24,530,32,61,96,3,11,21,128,16,88,47,23,3,1,10,7,49,4,59
S,B,9,9,0,9,2,3,1,3,2,0,9,2,1,8,0,0,0,2,0,0,0,0,0,0,0,0,0,0,0
S,C,34,0,43,43,3,15,6,9,9,2,43,6,4,13,0,0,5,4,1,4,3,1,0,0,0,1,8,0,2
S,O,530,9,43,661,40,156,72,161,63,26,661,59,104,121,3,13,26,141,16,118,54,26,4,3,20,10,74,11,59
S,F,27,2,3,40,40,14,8,21,6,2,40,9,6,18,0,0,2,0,0,0,0,0,0,0,0,1,3,0,3
S,Na,108,3,15,156,14,158,17,42,30,3,158,31,43,43,2,0,5,19,1,13,5,2,0,0,3,2,3,3,20
S,Mg,61,1,6,72,8,17,73,20,1,1,73,5,14,8,0,1,0,16,1,7,2,0,0,0,0,0,1,0,5
S,Al,146,3,9,161,21,42,20,161,37,11,161,18,30,49,0,1,4,18,3,20,7,7,0,0,2,3,9,0,4
S,Si,43,2,9,63,6,30,1,37,63,2,63,14,18,44,1,0,3,4,0,5,4,1,0,0,0,6,7,0,0
S,P,24,0,2,26,2,3,1,11,2,26,26,0,0,4,1,0,0,8,0,4,1,0,0,0,0,1,3,0,3
S,S,530,9,43,661,40,158,73,161,63,26,1257,79,114,123,5,22,48,255,65,322,81,194,20,157,181,12,268,125,59
S,Cl,32,2,6,59,9,31,5,18,14,0,79,79,20,15,0,0,3,10,2,13,2,5,0,4,6,1,21,5,1
S,K,61,1,4,104,6,43,14,30,18,0,114,20,114,29,1,3,2,30,3,23,3,2,0,1,4,1,5,1,9
S,Ca,96,8,13,121,18,43,8,49,44,4,123,15,29,123,1,0,4,8,0,12,4,1,1,0,2,4,4,0,3
S,Ti,3,0,0,3,0,2,0,0,1,1,5,0,1,1,5,0,0,2,0,0,0,0,0,0,0,1,0,0,0
S,V,11,0,0,13,0,0,1,1,0,0,22,0,3,0,0,22,0,1,0,5,0,2,0,0,2,0,1,0,2
S,Mn,21,0,5,26,2,5,0,4,3,0,48,3,2,4,0,0,48,3,0,2,2,6,0,7,11,1,10,1,2
S,Fe,128,2,4,141,0,19,16,18,4,8,255,10,30,8,2,1,3,255,20,72,19,20,1,18,18,4,26,10,7
S,Ni,16,0,1,16,0,1,1,3,0,0,65,2,3,0,0,0,0,20,65,14,0,7,0,1,7,2,5,6,1
S,Cu,88,0,4,118,0,13,7,20,5,4,322,13,23,12,0,5,2,72,14,322,29,52,11,45,47,2,80,48,2
S,Zn,47,0,3,54,0,5,2,7,4,1,81,2,3,4,0,0,2,19,0,29,81,8,0,8,4,0,8,0,1
S,As,23,0,1,26,0,2,0,7,1,0,194,5,2,1,0,2,6,20,7,52,8,194,1,50,57,1,68,6,0
S,Se,3,0,0,4,0,0,0,0,0,0,20,0,0,1,0,0,0,1,0,11,0,1,20,4,1,0,13,12,0
S,Ag,1,0,0,3,0,0,0,0,0,0,157,4,1,0,0,0,7,18,1,45,8,50,4,157,63,0,61,32,0
S,Sb,10,0,0,20,0,3,0,2,0,0,181,6,4,2,0,2,11,18,7,47,4,57,1,63,181,0,92,17,0
S,Ba,7,0,1,10,1,2,0,3,6,1,12,1,1,4,1,0,1,4,2,2,0,1,0,0,0,12,1,0,0
S,Pb,49,0,8,74,3,3,1,9,7,3,268,21,5,4,0,1,10,26,5,80,8,68,13,61,92,1,268,76,0
S,Bi,4,0,0,11,0,3,0,0,0,0,125,5,1,0,0,0,1,10,6,48,0,6,12,32,17,0,76,125,0
S,U,59,0,2,59,3,20,5,4,0,3,59,1,9,3,0,2,2,7,1,2,1,0,0,0,0,0,0,0,59
Cl,H,240,31,24,235,15,57,35,41,59,4,32,240,36,79,8,4,30,44,6,64,10,19,2,2,3,13,41,2,2
Cl,B,31,38,3,38,2,4,11,5,8,0,2,38,4,18,3,1,4,5,0,1,1,0,0,0,0,3,3,0,0
Cl,C,24,3,33,33,2,10,5,7,8,1,6,33,4,12,0,0,3,1,0,6,0,0,0,0,0,3,7,0,0
Cl,O,235,38,33,369,26,89,44,61,89,13,59,369,58,108,12,14,37,56,6,96,14,42,13,4,10,19,82,6,2
Cl,F,15,2,2,26,31,16,2,5,10,1,9,31,4,13,3,0,4,2,0,4,0,3,0,1,0,5,7,0,0
Cl,Na,57,4,10,89,16,92,7,26,44,4,31,92,28,48,6,1,15,24,0,14,1,14,1,0,1,3,3,1,1
Cl,Mg,35,11,5,44,2,7,45,9,9,0,5,45,6,12,2,0,3,6,0,5,1,4,0,0,0,2,2,0,0
Cl,Al,41,5,7,61,5,26,9,61,35,1,18,61,19,30,1,0,0,5,0,7,0,2,1,0,1,3,4,0,0
Cl,Si,59,8,8,89,10,44,9,35,89,1,14,89,22,57,11,3,22,27,0,2,1,3,0,0,0,15,10,0,0
Cl,P,4,0,1,13,1,4,0,1,1,13,0,13,1,7,0,1,2,1,0,3,0,1,0,0,0,2,2,1,0
Cl,S,32,2,6,59,9,31,5,18,14,0,79,79,20,15,0,0,3,10,2,13,2,5,0,4,6,1,21,5,1
Cl,Cl,240,38,33,369,31,92,45,61,89,13,79,426,71,110,12,14,40,63,8,101,16,47,13,9,13,20,99,11,2
Cl,K,36,4,4,58,4,28,6,19,22,1,20,71,71,24,3,3,4,15,1,17,6,5,2,1,0,1,5,1,0
Cl,Ca,79,18,12,108,13,48,12,30,57,7,15,110,24,110,6,0,17,23,0,14,0,13,0,0,2,5,5,1,0
Cl,Ti,8,3,0,12,3,6,2,1,11,0,0,12,3,6,12,1,5,6,0,1,0,1,0,0,0,7,0,0,0
Cl,V,4,1,0,14,0,1,0,0,3,1,0,14,3,0,1,14,1,0,0,6,0,4,0,0,0,1,6,0,0
Cl,Mn,30,4,3,37,4,15,3,0,22,2,3,40,4,17,5,1,40,10,0,2,1,4,0,0,0,6,4,0,0
Cl,Fe,44,5,1,56,2,24,6,5,27,1,10,63,15,23,6,0,10,63,4,6,1,5,0,0,0,7,8,1,0
Cl,Ni,6,0,0,6,0,0,0,0,0,0,2,8,1,0,0,0,0,4,8,3,0,0,0,0,0,0,0,0,0
Cl,Cu,64,1,6,96,4,14,5,7,2,3,13,101,17,14,1,6,2,6,3,101,7,16,11,3,4,0,21,3,0
Cl,Zn,10,1,0,14,0,1,1,0,1,0,2,16,6,0,0,0,1,1,0,7,16,2,2,1,0,0,3,0,0
Cl,As,19,0,0,42,3,14,4,2,3,1,5,47,5,13,1,4,4,5,0,16,2,47,0,1,3,1,19,2,0
Cl,Se,2,0,0,13,0,1,0,1,0,0,0,13,2,0,0,0,0,0,0,11,2,0,13,0,0,0,4,1,0
Cl,Ag,2,0,0,4,1,0,0,0,0,0,4,9,1,0,0,0,0,0,0,3,1,1,0,9,1,0,4,0,0
Cl,Sb,3,0,0,10,0,1,0,1,0,0,6,13,0,2,0,0,0,0,0,4,0,3,0,1,13,0,9,0,0
Cl,Ba,13,3,3,19,5,3,2,3,15,2,1,20,1,5,7,1,6,7,0,0,0,1,0,0,0,20,1,0,0
Cl,Pb,41,3,7,82,7,3,2,4,10,2,21,99,5,5,0,6,4,8,0,21,3,19,4,4,9,1,99,3,0
Cl,Bi,2,0,0,6,0,1,0,0,0,1,5,11,1,1,0,0,0,1,0,3,0,2,1,0,0,0,3,11,0
Cl,U,2,0,0,2,0,1,0,0,0,0,1,2,0,0,0,0,0,0,0,0,0,0,0,0,0,0,0,0,2
K,H,343,11,15,343,29,158,62,117,206,33,61,36,343,124,58,14,44,90,1,18,9,14,1,1,2,30,5,0,28
K,B,11,19,0,17,4,7,4,6,9,0,1,4,19,5,1,0,1,0,0,0,1,0,0,0,0,2,1,0,0
K,C,15,0,22,22,2,11,2,5,8,1,4,4,22,13,0,1,0,1,0,1,0,0,0,0,0,1,0,0,4
K,O,343,17,22,521,58,225,91,173,303,37,104,58,521,166,83,20,56,121,1,44,19,29,3,1,2,35,11,1,30
K,F,29,4,2,58,66,32,14,19,57,2,6,4,66,27,15,0,12,14,0,0,0,0,0,0,0,8,1,0,0
K,Na,158,7,11,225,32,230,43,75,166,13,43,28,230,103,51,6,35,52,0,11,5,9,1,0,1,23,4,0,6
K,Mg,62,4,2,91,14,43,92,36,57,8,14,6,92,24,11,4,11,33,0,2,2,2,1,0,0,4,1,0,1
K,Al,117,6,5,173,19,75,36,174,136,11,30,19,174,74,7,1,15,37,0,6,6,8,0,0,0,11,1,0,0
K,Si,206,9,8,303,57,166,57,136,307,3,18,22,307,125,69,3,43,69,0,5,12,1,0,0,0,29,1,0,3
K,P,33,0,1,37,2,13,8,11,3,37,0,1,37,12,3,3,6,14,0,0,0,1,0,0,0,0,0,0,3
K,S,61,1,4,104,6,43,14,30,18,0,114,20,114,29,1,3,2,30,3,23,3,2,0,1,4,1,5,1,9
K,Cl,36,4,4,58,4,28,6,19,22,1,20,71,71,24,3,3,4,15,1,17,6,5,2,1,0,1,5,1,0
K,K,343,19,22,521,66,230,92,174,307,37,114,71,550,167,83,21,58,131,3,50,21,29,3,2,4,36,14,1,30
K,Ca,124,5,13,166,27,103,24,74,125,12,29,24,167,167,21,3,14,29,0,7,3,4,0,0,0,16,3,0,8
K,Ti,58,1,0,83,15,51,11,7,69,3,1,3,83,21,83,1,15,26,0,0,3,4,0,0,0,20,1,0,0
K,V,14,0,1,20,0,6,4,1,3,3,3,3,21,3,1,21,3,2,0,2,0,1,0,0,0,1,0,0,3
K,Mn,44,1,0,56,12,35,11,15,43,6,2,4,58,14,15,3,58,14,0,0,4,0,0,0,0,7,0,0,1
K,Fe,90,0,1,121,14,52,33,37,69,14,30,15,131,29,26,2,14,131,2,11,3,6,0,1,1,10,2,1,1
K,Ni,1,0,0,1,0,0,0,0,0,0,3,1,3,0,0,0,0,2,3,2,0,0,0,0,0,1,0,0,0
K,Cu,18,0,1,44,0,11,2,6,5,0,23,17,50,7,0,2,0,11,2,50,1,10,2,2,2,2,5,1,0
K,Zn,9,1,0,19,0,5,2,6,12,0,3,6,21,3,3,0,4,3,0,1,21,2,1,0,0,0,1,0,0
K,As,14,0,0,29,0,9,2,8,1,1,2,5,29,4,4,1,0,6,0,10,2,29,0,0,1,0,1,0,2
K,Se,1,0,0,3,0,1,1,0,0,0,0,2,3,0,0,0,0,0,0,2,1,0,3,0,0,0,1,0,0
K,Ag,1,0,0,1,0,0,0,0,0,0,1,1,2,0,0,0,0,1,0,2,0,0,0,2,1,0,1,0,0
K,Sb,2,0,0,2,0,1,0,0,0,0,4,0,4,0,0,0,0,1,0,2,0,1,0,1,4,0,1,0,0
K,Ba,30,2,1,35,8,23,4,11,29,0,1,1,36,16,20,1,7,10,1,2,0,0,0,0,0,36,2,0,1
K,Pb,5,1,0,11,1,4,1,1,1,0,5,5,14,3,1,0,0,2,0,5,1,1,1,1,1,2,14,0,3
K,Bi,0,0,0,1,0,0,0,0,0,0,1,1,1,0,0,0,0,1,0,1,0,0,0,0,0,0,0,1,0
K,U,28,0,4,30,0,6,1,0,3,3,9,0,30,8,0,3,1,1,0,0,0,2,0,0,0,1,3,0,30
Ca,H,998,94,107,998,88,275,158,321,476,146,96,79,124,998,53,56,137,206,5,56,32,112,3,0,5,36,18,2,59
Ca,B,94,120,8,120,15,17,23,29,49,4,8,18,5,120,4,0,7,16,0,2,0,5,0,0,0,5,2,0,0
Ca,C,107,8,155,155,24,44,19,21,36,10,13,12,13,155,0,3,9,4,0,7,3,2,0,0,0,14,2,2,25
Ca,O,998,120,155,1427,196,400,231,419,701,209,121,108,166,1427,115,67,172,299,9,66,40,142,3,0,18,60,32,4,67
Ca,F,88,15,24,196,209,102,36,64,118,40,18,13,27,209,30,4,17,27,0,1,0,9,0,0,1,21,5,1,4
Ca,Na,275,17,44,400,102,405,80,142,247,59,43,48,103,405,52,12,60,98,0,15,2,34,0,0,1,25,5,0,11
Ca,Mg,158,23,19,231,36,80,233,111,122,38,8,12,24,233,14,9,19,71,1,6,3,27,0,0,1,7,2,0,5
Ca,Al,321,29,21,419,64,142,111,427,309,46,49,30,74,427,16,9,30,111,0,8,2,10,0,0,2,17,9,0,0
Ca,Si,476,49,36,701,118,247,122,309,701,28,44,57,125,701,77,16,96,169,0,10,11,5,0,0,1,34,16,0,7
Ca,P,146,4,10,209,40,59,38,46,28,209,4,7,12,209,7,2,38,65,5,8,11,2,0,0,0,16,4,1,10
Ca,S,96,8,13,121,18,43,8,49,44,4,123,15,29,123,1,0,4,8,0,12,4,1,1,0,2,4,4,0,3
Ca,Cl,79,18,12,108,13,48,12,30,57,7,15,110,24,110,6,0,17,23,0,14,0,13,0,0,2,5,5,1,0
Ca,K,124,5,13,166,27,103,24,74,125,12,29,24,167,167,21,3,14,29,0,7,3,4,0,0,0,16,3,0,8
Ca,Ca,998,120,155,1427,209,405,233,427,701,209,123,110,167,1443,115,67,172,299,9,67,40,142,3,0,18,61,33,4,67
Ca,Ti,53,4,0,115,30,52,14,16,77,7,1,6,21,115,115,1,19,39,0,0,0,3,0,0,2,9,0,0,6
Ca,V,56,0,3,67,4,12,9,9,16,2,0,0,3,67,1,67,4,8,0,1,0,7,0,0,0,3,1,0,3
Ca,Mn,137,7,9,172,17,60,19,30,96,38,4,17,14,172,19,4,172,51,1,0,6,17,0,0,2,9,3,0,0
Ca,Fe,206,16,4,299,27,98,71,111,169,65,8,23,29,299,39,8,51,299,2,7,9,29,0,0,5,12,5,1,5
Ca,Ni,5,0,0,9,0,0,1,0,0,5,0,0,0,9,0,0,1,2,9,0,0,3,0,0,0,0,0,0,0
Ca,Cu,56,2,7,66,1,15,6,8,10,8,12,14,7,67,0,1,0,7,0,67,5,27,1,0,2,1,6,2,3
Ca,Zn,32,0,3,40,0,2,3,2,11,11,4,0,3,40,0,0,6,9,0,5,40,10,0,0,0,0,2,0,1
Ca,As,112,5,2,142,9,34,27,10,5,2,1,13,4,142,3,7,17,29,3,27,10,142,0,0,4,1,4,1,4
Ca,Se,3,0,0,3,0,0,0,0,0,0,1,0,0,3,0,0,0,0,0,1,0,0,3,0,0,0,1,0,1
Ca,Ag,0,0,0,0,0,0,0,0,0,0,0,0,0,0,0,0,0,0,0,0,0,0,0,0,0,0,0,0,0
Ca,Sb,5,0,0,18,1,1,1,2,1,0,2,2,0,18,2,0,2,5,0,2,0,4,0,0,18,0,1,0,0
Ca,Ba,36,5,14,60,21,25,7,17,34,16,4,5,16,61,9,3,9,12,0,1,0,1,0,0,0,61,3,0,3
Ca,Pb,18,2,2,32,5,5,2,9,16,4,4,5,3,33,0,1,3,5,0,6,2,4,1,0,1,3,33,0,2
Ca,Bi,2,0,2,4,1,0,0,0,0,1,0,1,0,4,0,0,0,1,0,2,0,1,0,0,0,0,0,4,0
Ca,U,59,0,25,67,4,11,5,0,7,10,3,0,8,67,6,3,0,5,0,3,1,4,1,0,0,3,2,0,67
Ti,H,202,7,2,202,44,108,21,23,141,12,3,8,58,53,202,12,40,74,0,2,17,5,0,0,3,47,4,0,13
Ti,B,7,13,0,12,3,4,3,3,10,2,0,3,1,4,13,1,1,6,0,0,0,0,0,0,0,6,0,0,0
Ti,C,2,0,6,5,1,4,0,0,4,0,0,0,0,0,6,0,0,1,0,0,0,0,0,0,0,1,0,0,0
Ti,O,202,12,5,391,77,172,55,48,232,18,3,12,83,115,391,19,58,150,0,3,18,16,0,0,4,72,10,0,19
Ti,F,44,3,1,77,77,61,3,2,65,11,0,3,15,30,77,3,21,27,0,1,3,3,0,0,0,24,1,0,2
Ti,Na,108,4,4,172,61,172,17,7,151,12,2,6,51,52,172,2,35,49,0,2,7,6,0,0,1,39,3,0,2
Ti,Mg,21,3,0,55,3,17,55,24,26,2,0,2,11,14,55,1,3,35,0,0,3,1,0,0,0,9,0,0,0
Ti,Al,23,3,0,48,2,7,24,48,25,2,0,1,7,16,48,1,2,27,0,0,5,3,0,0,0,4,0,0,0
Ti,Si,141,10,4,232,65,151,26,25,236,15,1,11,69,77,236,2,41,74,0,1,8,2,0,0,0,59,0,0,0
Ti,P,12,2,0,18,11,12,2,2,15,21,1,0,3,7,21,0,3,4,0,0,0,0,0,0,0,7,0,0,0
Ti,S,3,0,0,3,0,2,0,0,1,1,5,0,1,1,5,0,0,2,0,0,0,0,0,0,0,1,0,0,0
Ti,Cl,8,3,0,12,3,6,2,1,11,0,0,12,3,6,12,1,5,6,0,1,0,1,0,0,0,7,0,0,0
Ti,K,58,1,0,83,15,51,11,7,69,3,1,3,83,21,83,1,15,26,0,0,3,4,0,0,0,20,1,0,0
Ti,Ca,53,4,0,115,30,52,14,16,77,7,1,6,21,115,115,1,19,39,0,0,0,3,0,0,2,9,0,0,6
Ti,Ti,202,13,6,391,77,172,55,48,236,21,5,12,83,115,403,19,58,153,0,3,18,16,0,0,4,72,10,0,19
Ti,V,12,1,0,19,3,2,1,1,2,0,0,1,1,1,19,19,4,8,0,0,1,3,0,0,0,4,2,0,5
Ti,Mn,40,1,0,58,21,35,3,2,41,3,0,5,15,19,58,4,58,22,0,0,4,0,0,0,1,11,6,0,4
Ti,Fe,74,6,1,150,27,49,35,27,74,4,2,6,26,39,153,8,22,153,0,0,9,7,0,0,1,26,8,0,11
Ti,Ni,0,0,0,0,0,0,0,0,0,0,0,0,0,0,0,0,0,0,0,0,0,0,0,0,0,0,0,0,0
Ti,Cu,2,0,0,3,1,2,0,0,1,0,0,1,0,0,3,0,0,0,0,3,0,2,0,0,1,0,0,0,0
Ti,Zn,17,0,0,18,3,7,3,5,8,0,0,0,3,0,18,1,4,9,0,0,18,0,0,0,0,2,3,0,1
Ti,As,5,0,0,16,3,6,1,3,2,0,0,1,4,3,16,3,0,7,0,2,0,16,0,0,1,1,1,0,1
Ti,Se,0,0,0,0,0,0,0,0,0,0,0,0,0,0,0,0,0,0,0,0,0,0,0,0,0,0,0,0,0
Ti,Ag,0,0,0,0,0,0,0,0,0,0,0,0,0,0,0,0,0,0,0,0,0,0,0,0,0,0,0,0,0
Ti,Sb,3,0,0,4,0,1,0,0,0,0,0,0,0,2,4,0,1,1,0,1,0,1,0,0,4,0,0,0,0
Ti,Ba,47,6,1,72,24,39,9,4,59,7,1,7,20,9,72,4,11,26,0,0,2,1,0,0,0,72,0,0,0
Ti,Pb,4,0,0,10,1,3,0,0,0,0,0,0,1,0,10,2,6,8,0,0,3,1,0,0,0,0,10,0,4
Ti,Bi,0,0,0,0,0,0,0,0,0,0,0,0,0,0,0,0,0,0,0,0,0,0,0,0,0,0,0,0,0
Ti,U,13,0,0,19,2,2,0,0,0,0,0,0,0,6,19,5,4,11,0,0,1,1,0,0,0,0,4,0,19
V,H,190,4,5,189,5,27,23,35,29,16,11,4,14,56,12,190,26,29,2,12,6,11,0,0,0,14,15,5,22
V,B,4,6,0,6,2,3,5,1,4,2,0,1,0,0,1,6,0,0,0,0,0,2,0,0,0,1,0,0,0
V,C,5,0,5,5,1,0,1,1,1,2,0,0,1,3,0,5,0,0,0,0,0,0,0,0,0,1,0,0,0
V,O,189,6,5,268,11,35,31,39,44,18,13,14,20,67,19,268,32,39,2,30,7,18,0,1,1,22,25,8,22
V,F,5,2,1,11,11,0,3,3,2,4,0,0,0,4,3,11,0,2,0,2,0,3,0,0,0,3,0,0,2
V,Na,27,3,0,35,0,35,11,4,8,2,0,1,6,12,2,35,5,4,0,1,0,3,0,0,0,0,0,0,1
V,Mg,23,5,1,31,3,11,31,7,7,4,1,0,4,9,1,31,2,2,0,1,0,3,0,0,0,0,0,0,0
V,Al,35,1,1,39,3,4,7,39,15,4,1,0,1,9,1,39,4,5,1,3,2,1,0,0,0,2,1,0,2
V,Si,29,4,1,44,2,8,7,15,44,0,0,3,3,16,2,44,11,3,0,0,1,2,0,0,0,9,2,0,0
V,P,16,2,2,18,4,2,4,4,0,19,0,1,3,2,0,19,1,1,1,2,0,3,0,0,0,3,2,0,1
V,S,11,0,0,13,0,0,1,1,0,0,22,0,3,0,0,22,0,1,0,5,0,2,0,0,2,0,1,0,2
V,Cl,4,1,0,14,0,1,0,0,3,1,0,14,3,0,1,14,1,0,0,6,0,4,0,0,0,1,6,0,0
V,K,14,0,1,20,0,6,4,1,3,3,3,3,21,3,1,21,3,2,0,2,0,1,0,0,0,1,0,0,3
V,Ca,56,0,3,67,4,12,9,9,16,2,0,0,3,67,1,67,4,8,0,1,0,7,0,0,0,3,1,0,3
V,Ti,12,1,0,19,3,2,1,1,2,0,0,1,1,1,19,19,4,8,0,0,1,3,0,0,0,4,2,0,5
V,V,190,6,5,268,11,35,31,39,44,19,22,14,21,67,19,281,32,39,3,35,7,20,0,1,3,22,26,8,22
V,Mn,26,0,0,32,0,5,2,4,11,1,0,1,3,4,4,32,32,5,0,0,1,1,0,0,0,2,5,0,4
V,Fe,29,0,0,39,2,4,2,5,3,1,1,0,2,8,8,39,5,39,0,5,1,1,0,0,0,2,7,0,5
V,Ni,2,0,0,2,0,0,0,1,0,1,0,0,0,0,0,3,0,0,3,0,1,0,0,0,0,0,0,0,0
V,Cu,12,0,0,30,2,1,1,3,0,2,5,6,2,1,0,35,0,5,0,35,0,4,0,0,1,1,2,2,1
V,Zn,6,0,0,7,0,0,0,2,1,0,0,0,0,0,1,7,1,1,1,0,7,0,0,0,0,0,3,0,1
V,As,11,2,0,18,3,3,3,1,2,3,2,4,1,7,3,20,1,1,0,4,0,20,0,0,1,1,3,0,0
V,Se,0,0,0,0,0,0,0,0,0,0,0,0,0,0,0,0,0,0,0,0,0,0,0,0,0,0,0,0,0
V,Ag,0,0,0,1,0,0,0,0,0,0,0,0,0,0,0,1,0,0,0,0,0,0,0,1,0,0,0,0,0
V,Sb,0,0,0,1,0,0,0,0,0,0,2,0,0,0,0,3,0,0,0,1,0,1,0,0,3,0,1,0,0
V,Ba,14,1,1,22,3,0,0,2,9,3,0,1,1,3,4,22,2,2,0,1,0,1,0,0,0,22,0,0,1
V,Pb,15,0,0,25,0,0,0,1,2,2,1,6,0,1,2,26,5,7,0,2,3,3,0,0,1,0,26,1,2
V,Bi,5,0,0,8,0,0,0,0,0,0,0,0,0,0,0,8,0,0,0,2,0,0,0,0,0,0,1,8,0
V,U,22,0,0,22,2,1,0,2,0,1,2,0,3,3,5,22,4,5,0,1,1,0,0,0,0,1,2,0,22
Mn,H,435,16,17,435,32,107,55,84,206,101,21,30,44,137,40,26,435,107,2,7,35,64,0,0,2,28,21,0,7
Mn,B,16,29,1,29,3,7,6,7,15,2,0,4,1,7,1,0,29,2,0,0,0,0,0,0,3,1,1,0,0
Mn,C,17,1,25,25,2,9,2,2,6,3,5,3,0,9,0,0,25,0,0,0,1,2,0,0,0,0,2,0,0
Mn,O,435,29,25,605,42,152,72,102,270,133,26,37,56,172,58,32,605,147,2,11,42,74,0,0,17,32,34,0,8
Mn,F,32,3,2,42,42,30,3,7,33,8,2,4,12,17,21,0,42,9,0,0,1,0,0,0,0,10,1,0,0
Mn,Na,107,7,9,152,30,153,19,24,98,34,5,15,35,60,35,5,153,44,0,0,3,11,0,0,0,11,2,0,1
Mn,Mg,55,6,2,72,3,19,72,26,34,22,0,3,11,19,3,2,72,25,1,0,13,11,0,0,3,3,2,0,0
Mn,Al,84,7,2,102,7,24,26,102,60,34,4,0,15,30,2,4,102,27,0,0,9,5,0,0,1,2,3,0,0
Mn,Si,206,15,6,270,33,98,34,60,272,8,3,22,43,96,41,11,272,56,0,3,16,16,0,0,6,21,7,0,0
Mn,P,101,2,3,133,8,34,22,34,8,133,0,2,6,38,3,1,133,65,0,0,11,1,0,0,0,5,1,0,2
Mn,S,21,0,5,26,2,5,0,4,3,0,48,3,2,4,0,0,48,3,0,2,2,6,0,7,11,1,10,1,2
Mn,Cl,30,4,3,37,4,15,3,0,22,2,3,40,4,17,5,1,40,10,0,2,1,4,0,0,0,6,4,0,0
Mn,K,44,1,0,56,12,35,11,15,43,6,2,4,58,14,15,3,58,14,0,0,4,0,0,0,0,7,0,0,1
Mn,Ca,137,7,9,172,17,60,19,30,96,38,4,17,14,172,19,4,172,51,1,0,6,17,0,0,2,9,3,0,0
Mn,Ti,40,1,0,58,21,35,3,2,41,3,0,5,15,19,58,4,58,22,0,0,4,0,0,0,1,11,6,0,4
Mn,V,26,0,0,32,0,5,2,4,11,1,0,1,3,4,4,32,32,5,0,0,1,1,0,0,0,2,5,0,4
Mn,Mn,435,29,25,605,42,153,72,102,272,133,48,40,58,172,58,32,632,149,2,12,43,80,0,7,28,32,41,1,8
Mn,Fe,107,2,0,147,9,44,25,27,56,65,3,10,14,51,22,5,149,149,0,2,22,10,0,1,5,8,15,0,4
Mn,Ni,2,0,0,2,0,0,1,0,0,0,0,0,0,1,0,0,2,0,2,0,0,0,0,0,0,0,0,0,0
Mn,Cu,7,0,0,11,0,0,0,0,3,0,2,2,0,0,0,0,12,2,0,12,0,4,0,0,1,0,0,0,0
Mn,Zn,35,0,1,42,1,3,13,9,16,11,2,1,4,6,4,1,43,22,0,0,43,8,0,0,1,0,6,0,1
Mn,As,64,0,2,74,0,11,11,5,16,1,6,4,0,17,0,1,80,10,0,4,8,80,0,3,7,1,7,0,0
Mn,Se,0,0,0,0,0,0,0,0,0,0,0,0,0,0,0,0,0,0,0,0,0,0,0,0,0,0,0,0,0
Mn,Ag,0,0,0,0,0,0,0,0,0,0,7,0,0,0,0,0,7,1,0,0,0,3,0,7,5,0,4,0,0
Mn,Sb,2,3,0,17,0,0,3,1,6,0,11,0,0,2,1,0,28,5,0,1,1,7,0,5,28,0,7,0,0
Mn,Ba,28,1,0,32,10,11,3,2,21,5,1,6,7,9,11,2,32,8,0,0,0,1,0,0,0,32,1,0,0
Mn,Pb,21,1,2,34,1,2,2,3,7,1,10,4,0,3,6,5,41,15,0,0,6,7,0,4,7,1,41,0,2
Mn,Bi,0,0,0,0,0,0,0,0,0,0,1,0,0,0,0,0,1,0,0,0,0,0,0,0,0,0,0,1,0
Mn,U,7,0,0,8,0,1,0,0,0,2,2,0,1,0,4,4,8,4,0,0,1,0,0,0,0,0,2,0,8
Fe,H,751,21,22,751,37,164,132,186,257,181,128,44,90,206,74,29,107,751,9,28,58,96,1,1,6,39,44,10,22
Fe,B,21,43,0,43,9,12,13,21,29,3,2,5,0,16,6,0,2,43,1,1,0,2,0,0,1,2,0,0,0
Fe,C,22,0,33,28,1,7,8,2,9,2,4,1,1,4,1,0,0,33,3,0,2,0,0,0,0,3,1,0,0
Fe,O,751,43,28,1085,70,251,198,245,383,230,141,56,121,299,150,39,147,1085,14,48,63,124,1,1,22,56,65,12,30
Fe,F,37,9,1,70,70,47,19,21,55,10,0,2,14,27,27,2,9,70,0,0,2,5,0,0,0,12,1,0,2
Fe,Na,164,12,7,251,47,253,59,69,145,55,19,24,52,98,49,4,44,253,0,12,3,28,0,0,0,18,5,0,2
Fe,Mg,132,13,8,198,19,59,198,82,98,28,16,6,33,71,35,2,25,198,2,6,17,15,0,0,3,9,4,1,1
Fe,Al,186,21,2,245,21,69,82,250,145,45,18,5,37,111,27,5,27,250,2,8,17,11,0,0,2,8,7,0,1
Fe,Si,257,29,9,383,55,145,98,145,392,8,4,27,69,169,74,3,56,392,1,4,9,9,0,0,3,36,10,1,0
Fe,P,181,3,2,230,10,55,28,45,8,240,8,1,14,65,4,1,65,240,8,6,18,2,0,0,0,8,10,3,6
Fe,S,128,2,4,141,0,19,16,18,4,8,255,10,30,8,2,1,3,255,20,72,19,20,1,18,18,4,26,10,7
Fe,Cl,44,5,1,56,2,24,6,5,27,1,10,63,15,23,6,0,10,63,4,6,1,5,0,0,0,7,8,1,0
Fe,K,90,0,1,121,14,52,33,37,69,14,30,15,131,29,26,2,14,131,2,11,3,6,0,1,1,10,2,1,1
Fe,Ca,206,16,4,299,27,98,71,111,169,65,8,23,29,299,39,8,51,299,2,7,9,29,0,0,5,12,5,1,5
Fe,Ti,74,6,1,150,27,49,35,27,74,4,2,6,26,39,153,8,22,153,0,0,9,7,0,0,1,26,8,0,11
Fe,V,29,0,0,39,2,4,2,5,3,1,1,0,2,8,8,39,5,39,0,5,1,1,0,0,0,2,7,0,5
Fe,Mn,107,2,0,147,9,44,25,27,56,65,3,10,14,51,22,5,149,149,0,2,22,10,0,1,5,8,15,0,4
Fe,Fe,751,43,33,1085,70,253,198,250,392,240,255,63,131,299,153,39,149,1262,48,115,74,141,7,19,39,58,83,21,30
Fe,Ni,9,1,3,14,0,0,2,2,1,8,20,4,2,2,0,0,0,48,48,7,0,3,0,1,1,2,3,0,0
Fe,Cu,28,1,0,48,0,12,6,8,4,6,72,6,11,7,0,5,2,115,7,115,9,28,3,6,7,2,16,10,0
Fe,Zn,58,0,2,63,2,3,17,17,9,18,19,1,3,9,9,1,22,74,0,9,74,17,0,1,1,0,9,0,1
Fe,As,96,2,0,124,5,28,15,11,9,2,20,5,6,29,7,1,10,141,3,28,17,141,1,2,3,3,15,5,3
Fe,Se,1,0,0,1,0,0,0,0,0,0,1,0,0,0,0,0,0,7,0,3,0,1,7,1,0,0,0,0,0
Fe,Ag,1,0,0,1,0,0,0,0,0,0,18,0,1,0,0,0,1,19,1,6,1,2,1,19,6,0,2,1,0
Fe,Sb,6,1,0,22,0,0,3,2,3,0,18,0,1,5,1,0,5,39,1,7,1,3,0,6,39,0,9,6,0
Fe,Ba,39,2,3,56,12,18,9,8,36,8,4,7,10,12,26,2,8,58,2,2,0,3,0,0,0,58,2,0,0
Fe,Pb,44,0,1,65,1,5,4,7,10,10,26,8,2,5,8,7,15,83,3,16,9,15,0,2,9,2,83,8,5
Fe,Bi,10,0,0,12,0,0,1,0,1,3,10,1,1,1,0,0,0,21,0,10,0,5,0,1,6,0,8,21,0
Fe,U,22,0,0,30,2,2,1,1,0,6,7,0,1,5,11,5,4,30,0,0,1,3,0,0,0,0,5,0,30
Ni,H,64,0,14,63,0,2,5,7,7,2,16,6,1,5,0,2,2,9,64,6,1,11,1,0,2,0,1,1,4
Ni,B,0,1,0,1,0,0,0,0,0,0,0,0,0,0,0,0,0,1,1,0,0,0,0,0,0,0,0,0,0
Ni,C,14,0,17,14,0,1,0,1,0,0,1,0,0,0,0,0,0,3,17,1,0,0,0,0,0,0,0,0,0
Ni,O,63,1,14,83,0,2,5,8,8,9,16,6,1,9,0,2,2,14,83,6,1,17,1,0,3,0,1,2,4
Ni,F,0,0,0,0,0,0,0,0,0,0,0,0,0,0,0,0,0,0,0,0,0,0,0,0,0,0,0,0,0
Ni,Na,2,0,1,2,0,2,0,0,0,0,1,0,0,0,0,0,0,0,2,0,0,0,0,0,0,0,0,0,0
Ni,Mg,5,0,0,5,0,0,5,1,2,0,1,0,0,1,0,0,1,2,5,0,0,0,0,0,0,0,0,0,0
Ni,Al,7,0,1,8,0,0,1,10,2,0,3,0,0,0,0,1,0,2,10,2,0,0,0,0,0,0,0,0,0
Ni,Si,7,0,0,8,0,0,2,2,10,1,0,0,0,0,0,0,0,1,10,0,0,0,0,0,0,0,0,0,0
Ni,P,2,0,0,9,0,0,0,0,1,24,0,0,0,5,0,1,0,8,24,0,0,0,0,0,0,0,0,0,0
Ni,S,16,0,1,16,0,1,1,3,0,0,65,2,3,0,0,0,0,20,65,14,0,7,0,1,7,2,5,6,1
Ni,Cl,6,0,0,6,0,0,0,0,0,0,2,8,1,0,0,0,0,4,8,3,0,0,0,0,0,0,0,0,0
Ni,K,1,0,0,1,0,0,0,0,0,0,3,1,3,0,0,0,0,2,3,2,0,0,0,0,0,1,0,0,0
Ni,Ca,5,0,0,9,0,0,1,0,0,5,0,0,0,9,0,0,1,2,9,0,0,3,0,0,0,0,0,0,0
Ni,Ti,0,0,0,0,0,0,0,0,0,0,0,0,0,0,0,0,0,0,0,0,0,0,0,0,0,0,0,0,0
Ni,V,2,0,0,2,0,0,0,1,0,1,0,0,0,0,0,3,0,0,3,0,1,0,0,0,0,0,0,0,0
Ni,Mn,2,0,0,2,0,0,1,0,0,0,0,0,0,1,0,0,2,0,2,0,0,0,0,0,0,0,0,0,0
Ni,Fe,9,1,3,14,0,0,2,2,1,8,20,4,2,2,0,0,0,48,48,7,0,3,0,1,1,2,3,0,0
Ni,Ni,64,1,17,83,0,2,5,10,10,24,65,8,3,9,0,3,2,48,192,22,1,39,11,1,14,2,6,9,4
Ni,Cu,6,0,1,6,0,0,0,2,0,0,14,3,2,0,0,0,0,7,22,22,0,2,3,0,3,2,2,1,0
Ni,Zn,1,0,0,1,0,0,0,0,0,0,0,0,0,0,0,1,0,0,1,0,1,0,0,0,0,0,0,0,0
Ni,As,11,0,0,17,0,0,0,0,0,0,7,0,0,3,0,0,0,3,39,2,0,39,1,0,1,0,1,3,3
Ni,Se,1,0,0,1,0,0,0,0,0,0,0,0,0,0,0,0,0,0,11,3,0,1,11,0,0,0,0,0,0
Ni,Ag,0,0,0,0,0,0,0,0,0,0,1,0,0,0,0,0,0,1,1,0,0,0,0,1,0,0,0,0,0
Ni,Sb,2,0,0,3,0,0,0,0,0,0,7,0,0,0,0,0,0,1,14,3,0,1,0,0,14,0,1,1,0
Ni,Ba,0,0,0,0,0,0,0,0,0,0,2,0,1,0,0,0,0,2,2,2,0,0,0,0,0,2,1,0,0
Ni,Pb,1,0,0,1,0,0,0,0,0,0,5,0,0,0,0,0,0,3,6,2,0,1,0,0,1,1,6,1,0
Ni,Bi,1,0,0,2,0,0,0,0,0,0,6,0,0,0,0,0,0,0,9,1,0,3,0,0,1,0,1,9,0
Ni,U,4,0,0,4,0,0,0,0,0,0,1,0,0,0,0,0,0,0,4,0,0,3,0,0,0,0,0,0,4
Cu,H,364,4,39,363,6,19,20,44,29,42,88,64,18,56,2,12,7,28,6,364,35,93,12,2,5,2,59,8,18
Cu,B,4,6,1,6,0,0,0,0,0,0,0,1,0,2,0,0,0,1,0,6,0,0,0,0,0,0,0,0,0
Cu,C,39,1,43,43,0,6,4,1,2,1,4,6,1,7,0,0,0,0,1,43,4,2,0,0,0,0,5,0,4
Cu,O,363,6,43,486,9,47,29,51,39,45,118,96,44,66,3,30,11,48,6,486,39,126,22,4,9,5,73,12,18
Cu,F,6,0,0,9,9,3,1,4,0,3,0,4,0,1,1,2,0,0,0,9,0,3,0,0,0,0,0,0,0
Cu,Na,19,0,6,47,3,48,7,4,3,4,13,14,11,15,2,1,0,12,0,48,2,21,1,0,1,0,2,1,0
Cu,Mg,20,0,4,29,1,7,29,4,3,2,7,5,2,6,0,1,0,6,0,29,1,6,0,0,0,0,1,0,1
Cu,Al,44,0,1,51,4,4,4,56,8,7,20,7,6,8,0,3,0,8,2,56,0,15,1,0,3,1,6,0,0
Cu,Si,29,0,2,39,0,3,3,8,39,0,5,2,5,10,1,0,3,4,0,39,1,2,0,0,0,4,7,0,1
Cu,P,42,0,1,45,3,4,2,7,0,45,4,3,0,8,0,2,0,6,0,45,6,4,0,0,0,0,6,2,3
Cu,S,88,0,4,118,0,13,7,20,5,4,322,13,23,12,0,5,2,72,14,322,29,52,11,45,47,2,80,48,2
Cu,Cl,64,1,6,96,4,14,5,7,2,3,13,101,17,14,1,6,2,6,3,101,7,16,11,3,4,0,21,3,0
Cu,K,18,0,1,44,0,11,2,6,5,0,23,17,50,7,0,2,0,11,2,50,1,10,2,2,2,2,5,1,0
Cu,Ca,56,2,7,66,1,15,6,8,10,8,12,14,7,67,0,1,0,7,0,67,5,27,1,0,2,1,6,2,3
Cu,Ti,2,0,0,3,1,2,0,0,1,0,0,1,0,0,3,0,0,0,0,3,0,2,0,0,1,0,0,0,0
Cu,V,12,0,0,30,2,1,1,3,0,2,5,6,2,1,0,35,0,5,0,35,0,4,0,0,1,1,2,2,1
Cu,Mn,7,0,0,11,0,0,0,0,3,0,2,2,0,0,0,0,12,2,0,12,0,4,0,0,1,0,0,0,0
Cu,Fe,28,1,0,48,0,12,6,8,4,6,72,6,11,7,0,5,2,115,7,115,9,28,3,6,7,2,16,10,0
Cu,Ni,6,0,1,6,0,0,0,2,0,0,14,3,2,0,0,0,0,7,22,22,0,2,3,0,3,2,2,1,0
Cu,Cu,364,6,43,486,9,48,29,56,39,45,322,101,50,67,3,35,12,115,22,779,60,178,68,57,61,7,138,67,18
Cu,Zn,35,0,4,39,0,2,1,0,1,6,29,7,1,5,0,0,0,9,0,60,60,20,2,5,3,0,5,0,0
Cu,As,93,0,2,126,3,21,6,15,2,4,52,16,10,27,2,4,4,28,2,178,20,178,3,14,13,0,20,4,2
Cu,Se,12,0,0,22,0,1,0,1,0,0,11,11,2,1,0,0,0,3,3,68,2,3,68,6,7,0,20,16,3
Cu,Ag,2,0,0,4,0,0,0,0,0,0,45,3,2,0,0,0,0,6,0,57,5,14,6,57,16,0,21,13,0
Cu,Sb,5,0,0,9,0,1,0,3,0,0,47,4,2,2,1,1,1,7,3,61,3,13,7,16,61,0,21,7,0
Cu,Ba,2,0,0,5,0,0,0,1,4,0,2,0,2,1,0,1,0,2,2,7,0,0,0,0,0,7,1,0,0
Cu,Pb,59,0,5,73,0,2,1,6,7,6,80,21,5,6,0,2,0,16,2,138,5,20,20,21,21,1,138,44,1
Cu,Bi,8,0,0,12,0,1,0,0,0,2,48,3,1,2,0,2,0,10,1,67,0,4,16,13,7,0,44,67,0
Cu,U,18,0,4,18,0,0,1,0,1,3,2,0,0,3,0,1,0,0,0,18,0,2,3,0,0,0,1,0,18
Zn,H,225,0,17,225,3,15,27,37,36,43,47,10,9,32,17,6,35,58,1,35,225,59,0,1,3,2,28,0,4
Zn,B,0,1,0,1,0,0,0,0,0,0,0,1,1,0,0,0,0,0,0,0,1,0,0,0,0,0,0,0,0
Zn,C,17,0,19,19,0,0,2,1,0,1,3,0,0,3,0,0,1,2,0,4,19,1,0,0,0,0,0,0,1
Zn,O,225,1,19,275,3,21,29,42,54,45,54,14,19,40,18,7,42,63,1,39,275,66,3,1,5,3,36,0,4
Zn,F,3,0,0,3,3,3,0,0,1,0,0,0,0,0,3,0,1,2,0,0,3,0,0,0,0,1,1,0,0
Zn,Na,15,0,0,21,3,22,1,4,13,0,5,1,5,2,7,0,3,3,0,2,22,2,0,0,0,2,1,0,0
Zn,Mg,27,0,2,29,0,1,29,13,8,5,2,1,2,3,3,0,13,17,0,1,29,5,0,0,1,0,1,0,0
Zn,Al,37,0,1,42,0,4,13,42,13,5,7,0,6,2,5,2,9,17,0,0,42,4,0,0,1,0,1,0,0
Zn,Si,36,0,0,54,1,13,8,13,54,1,4,1,12,11,8,1,16,9,0,1,54,7,0,0,1,3,6,0,0
Zn,P,43,0,1,45,0,0,5,5,1,45,1,0,0,11,0,0,11,18,0,6,45,3,0,0,0,0,5,0,0
Zn,S,47,0,3,54,0,5,2,7,4,1,81,2,3,4,0,0,2,19,0,29,81,8,0,8,4,0,8,0,1
Zn,Cl,10,1,0,14,0,1,1,0,1,0,2,16,6,0,0,0,1,1,0,7,16,2,2,1,0,0,3,0,0
Zn,K,9,1,0,19,0,5,2,6,12,0,3,6,21,3,3,0,4,3,0,1,21,2,1,0,0,0,1,0,0
Zn,Ca,32,0,3,40,0,2,3,2,11,11,4,0,3,40,0,0,6,9,0,5,40,10,0,0,0,0,2,0,1
Zn,Ti,17,0,0,18,3,7,3,5,8,0,0,0,3,0,18,1,4,9,0,0,18,0,0,0,0,2,3,0,1
Zn,V,6,0,0,7,0,0,0,2,1,0,0,0,0,0,1,7,1,1,1,0,7,0,0,0,0,0,3,0,1
Zn,Mn,35,0,1,42,1,3,13,9,16,11,2,1,4,6,4,1,43,22,0,0,43,8,0,0,1,0,6,0,1
Zn,Fe,58,0,2,63,2,3,17,17,9,18,19,1,3,9,9,1,22,74,0,9,74,17,0,1,1,0,9,0,1
Zn,Ni,1,0,0,1,0,0,0,0,0,0,0,0,0,0,0,1,0,0,1,0,1,0,0,0,0,0,0,0,0
Zn,Cu,35,0,4,39,0,2,1,0,1,6,29,7,1,5,0,0,0,9,0,60,60,20,2,5,3,0,5,0,0
Zn,Zn,225,1,19,275,3,22,29,42,54,45,81,16,21,40,18,7,43,74,1,60,310,74,5,9,9,3,36,0,4
Zn,As,59,0,1,66,0,2,5,4,7,3,8,2,2,10,0,0,8,17,0,20,74,74,1,3,1,0,14,0,1
Zn,Se,0,0,0,3,0,0,0,0,0,0,0,2,1,0,0,0,0,0,0,2,5,1,5,0,0,0,1,0,0
Zn,Ag,1,0,0,1,0,0,0,0,0,0,8,1,0,0,0,0,0,1,0,5,9,3,0,9,3,0,1,0,0
Zn,Sb,3,0,0,5,0,0,1,1,1,0,4,0,0,0,0,0,1,1,0,3,9,1,0,3,9,0,1,0,0
Zn,Ba,2,0,0,3,1,2,0,0,3,0,0,0,0,0,2,0,0,0,0,0,3,0,0,0,0,3,0,0,0
Zn,Pb,28,0,0,36,1,1,1,1,6,5,8,3,1,2,3,3,6,9,0,5,36,14,1,1,1,0,36,0,1
Zn,Bi,0,0,0,0,0,0,0,0,0,0,0,0,0,0,0,0,0,0,0,0,0,0,0,0,0,0,0,0,0
Zn,U,4,0,1,4,0,0,0,0,0,0,1,0,0,1,1,1,1,1,0,0,4,1,0,0,0,0,1,0,4
As,H,398,2,4,398,3,40,45,47,17,10,23,19,14,112,5,11,64,96,11,93,59,398,0,0,10,9,46,14,35
As,B,2,8,0,8,5,2,4,2,3,2,0,0,0,5,0,2,0,2,0,0,0,8,0,0,0,0,0,0,0
As,C,4,0,4,4,0,1,0,0,0,0,1,0,0,2,0,0,2,0,0,2,1,4,0,0,0,0,0,0,0
As,O,398,8,4,520,20,78,65,60,26,13,26,42,29,142,16,18,74,124,17,126,66,520,0,2,17,11,62,18,36
As,F,3,5,0,20,20,11,8,5,3,2,0,3,0,9,3,3,0,5,0,3,0,20,0,0,0,1,0,0,2
As,Na,40,2,1,78,11,78,25,12,4,3,2,14,9,34,6,3,11,28,0,21,2,78,0,0,3,0,2,0,1
As,Mg,45,4,0,65,8,25,65,9,7,2,0,4,2,27,1,3,11,15,0,6,5,65,0,0,0,0,2,1,4
As,Al,47,2,0,60,5,12,9,60,8,0,7,2,8,10,3,1,5,11,0,15,4,60,0,0,0,3,3,0,2
As,Si,17,3,0,26,3,4,7,8,26,0,1,3,1,5,2,2,16,9,0,2,7,26,0,0,1,0,3,0,0
As,P,10,2,0,13,2,3,2,0,0,13,0,1,1,2,0,3,1,2,0,4,3,13,0,0,0,0,2,1,1
As,S,23,0,1,26,0,2,0,7,1,0,194,5,2,1,0,2,6,20,7,52,8,194,1,50,57,1,68,6,0
As,Cl,19,0,0,42,3,14,4,2,3,1,5,47,5,13,1,4,4,5,0,16,2,47,0,1,3,1,19,2,0
As,K,14,0,0,29,0,9,2,8,1,1,2,5,29,4,4,1,0,6,0,10,2,29,0,0,1,0,1,0,2
As,Ca,112,5,2,142,9,34,27,10,5,2,1,13,4,142,3,7,17,29,3,27,10,142,0,0,4,1,4,1,4
As,Ti,5,0,0,16,3,6,1,3,2,0,0,1,4,3,16,3,0,7,0,2,0,16,0,0,1,1,1,0,1
As,V,11,2,0,18,3,3,3,1,2,3,2,4,1,7,3,20,1,1,0,4,0,20,0,0,1,1,3,0,0
As,Mn,64,0,2,74,0,11,11,5,16,1,6,4,0,17,0,1,80,10,0,4,8,80,0,3,7,1,7,0,0
As,Fe,96,2,0,124,5,28,15,11,9,2,20,5,6,29,7,1,10,141,3,28,17,141,1,2,3,3,15,5,3
As,Ni,11,0,0,17,0,0,0,0,0,0,7,0,0,3,0,0,0,3,39,2,0,39,1,0,1,0,1,3,3
As,Cu,93,0,2,126,3,21,6,15,2,4,52,16,10,27,2,4,4,28,2,178,20,178,3,14,13,0,20,4,2
As,Zn,59,0,1,66,0,2,5,4,7,3,8,2,2,10,0,0,8,17,0,20,74,74,1,3,1,0,14,0,1
As,As,398,8,4,520,20,78,65,60,26,13,194,47,29,142,16,20,80,141,39,178,74,750,6,53,76,11,125,25,36
As,Se,0,0,0,0,0,0,0,0,0,0,1,0,0,0,0,0,0,1,1,3,1,6,6,0,0,0,0,0,0
As,Ag,0,0,0,2,0,0,0,0,0,0,50,1,0,0,0,0,3,2,0,14,3,53,0,53,20,0,20,0,0
As,Sb,10,0,0,17,0,3,0,0,1,0,57,3,1,4,1,1,7,3,1,13,1,76,0,20,76,0,32,2,0
As,Ba,9,0,0,11,1,0,0,3,0,0,1,1,0,1,1,1,1,3,0,0,0,11,0,0,0,11,0,0,2
As,Pb,46,0,0,62,0,2,2,3,3,2,68,19,1,4,1,3,7,15,1,20,14,125,0,20,32,0,125,6,3
As,Bi,14,0,0,18,0,0,1,0,0,1,6,2,0,1,0,0,0,5,3,4,0,25,0,0,2,0,6,25,4
As,U,35,0,0,36,2,1,4,2,0,1,0,0,2,4,1,0,0,3,3,2,1,36,0,0,0,2,3,4,36
Se,H,25,0,0,25,0,2,1,4,1,0,3,2,1,3,0,0,0,1,1,12,0,0,25,0,0,1,7,1,7
Se,B,0,0,0,0,0,0,0,0,0,0,0,0,0,0,0,0,0,0,0,0,0,0,0,0,0,0,0,0,0
Se,C,0,0,0,0,0,0,0,0,0,0,0,0,0,0,0,0,0,0,0,0,0,0,0,0,0,0,0,0,0
Se,O,25,0,0,41,0,3,1,4,1,0,4,13,3,3,0,0,0,1,1,22,3,0,41,0,0,1,13,2,7
Se,F,0,0,0,0,0,0,0,0,0,0,0,0,0,0,0,0,0,0,0,0,0,0,0,0,0,0,0,0,0
Se,Na,2,0,0,3,0,3,1,0,0,0,0,1,1,0,0,0,0,0,0,1,0,0,3,0,0,0,0,0,1
Se,Mg,1,0,0,1,0,1,1,0,0,0,0,0,1,0,0,0,0,0,0,0,0,0,1,0,0,0,0,0,0
Se,Al,4,0,0,4,0,0,0,4,1,0,0,1,0,0,0,0,0,0,0,1,0,0,4,0,0,0,0,0,0
Se,Si,1,0,0,1,0,0,0,1,1,0,0,0,0,0,0,0,0,0,0,0,0,0,1,0,0,0,0,0,0
Se,P,0,0,0,0,0,0,0,0,0,0,0,0,0,0,0,0,0,0,0,0,0,0,0,0,0,0,0,0,0
Se,S,3,0,0,4,0,0,0,0,0,0,20,0,0,1,0,0,0,1,0,11,0,1,20,4,1,0,13,12,0
Se,Cl,2,0,0,13,0,1,0,1,0,0,0,13,2,0,0,0,0,0,0,11,2,0,13,0,0,0,4,1,0
Se,K,1,0,0,3,0,1,1,0,0,0,0,2,3,0,0,0,0,0,0,2,1,0,3,0,0,0,1,0,0
Se,Ca,3,0,0,3,0,0,0,0,0,0,1,0,0,3,0,0,0,0,0,1,0,0,3,0,0,0,1,0,1
Se,Ti,0,0,0,0,0,0,0,0,0,0,0,0,0,0,0,0,0,0,0,0,0,0,0,0,0,0,0,0,0
Se,V,0,0,0,0,0,0,0,0,0,0,0,0,0,0,0,0,0,0,0,0,0,0,0,0,0,0,0,0,0
Se,Mn,0,0,0,0,0,0,0,0,0,0,0,0,0,0,0,0,0,0,0,0,0,0,0,0,0,0,0,0,0
Se,Fe,1,0,0,1,0,0,0,0,0,0,1,0,0,0,0,0,0,7,0,3,0,1,7,1,0,0,0,0,0
Se,Ni,1,0,0,1,0,0,0,0,0,0,0,0,0,0,0,0,0,0,11,3,0,1,11,0,0,0,0,0,0
Se,Cu,12,0,0,22,0,1,0,1,0,0,11,11,2,1,0,0,0,3,3,68,2,3,68,6,7,0,20,16,3
Se,Zn,0,0,0,3,0,0,0,0,0,0,0,2,1,0,0,0,0,0,0,2,5,1,5,0,0,0,1,0,0
Se,As,0,0,0,0,0,0,0,0,0,0,1,0,0,0,0,0,0,1,1,3,1,6,6,0,0,0,0,0,0
Se,Se,25,0,0,41,0,3,1,4,1,0,20,13,3,3,0,0,0,7,11,68,5,6,145,15,10,1,31,32,7
Se,Ag,0,0,0,0,0,0,0,0,0,0,4,0,0,0,0,0,0,1,0,6,0,0,15,15,2,0,3,4,0
Se,Sb,0,0,0,0,0,0,0,0,0,0,1,0,0,0,0,0,0,0,0,7,0,0,10,2,10,0,0,0,0
Se,Ba,1,0,0,1,0,0,0,0,0,0,0,0,0,0,0,0,0,0,0,0,0,0,1,0,0,1,0,0,1
Se,Pb,7,0,0,13,0,0,0,0,0,0,13,4,1,1,0,0,0,0,0,20,1,0,31,3,0,0,31,18,1
Se,Bi,1,0,0,2,0,0,0,0,0,0,12,1,0,0,0,0,0,0,0,16,0,0,32,4,0,0,18,32,0
Se,U,7,0,0,7,0,1,0,0,0,0,0,0,0,1,0,0,0,0,0,3,0,0,7,0,0,1,1,0,7
Ag,H,4,0,0,4,0,0,0,0,0,0,1,2,1,0,0,0,0,1,0,2,1,0,0,4,1,0,2,0,0
Ag,B,0,0,0,0,0,0,0,0,0,0,0,0,0,0,0,0,0,0,0,0,0,0,0,0,0,0,0,0,0
Ag,C,0,0,0,0,0,0,0,0,0,0,0,0,0,0,0,0,0,0,0,0,0,0,0,0,0,0,0,0,0
Ag,O,4,0,0,8,0,0,0,0,0,0,3,4,1,0,0,1,0,1,0,4,1,2,0,8,3,0,4,0,0
Ag,F,0,0,0,0,1,0,0,0,0,0,0,1,0,0,0,0,0,0,0,0,0,0,0,1,0,0,1,0,0
Ag,Na,0,0,0,0,0,0,0,0,0,0,0,0,0,0,0,0,0,0,0,0,0,0,0,0,0,0,0,0,0
Ag,Mg,0,0,0,0,0,0,0,0,0,0,0,0,0,0,0,0,0,0,0,0,0,0,0,0,0,0,0,0,0
Ag,Al,0,0,0,0,0,0,0,0,0,0,0,0,0,0,0,0,0,0,0,0,0,0,0,0,0,0,0,0,0
Ag,Si,0,0,0,0,0,0,0,0,0,0,0,0,0,0,0,0,0,0,0,0,0,0,0,0,0,0,0,0,0
Ag,P,0,0,0,0,0,0,0,0,0,0,0,0,0,0,0,0,0,0,0,0,0,0,0,0,0,0,0,0,0
Ag,S,1,0,0,3,0,0,0,0,0,0,157,4,1,0,0,0,7,18,1,45,8,50,4,157,63,0,61,32,0
Ag,Cl,2,0,0,4,1,0,0,0,0,0,4,9,1,0,0,0,0,0,0,3,1,1,0,9,1,0,4,0,0
Ag,K,1,0,0,1,0,0,0,0,0,0,1,1,2,0,0,0,0,1,0,2,0,0,0,2,1,0,1,0,0
Ag,Ca,0,0,0,0,0,0,0,0,0,0,0,0,0,0,0,0,0,0,0,0,0,0,0,0,0,0,0,0,0
Ag,Ti,0,0,0,0,0,0,0,0,0,0,0,0,0,0,0,0,0,0,0,0,0,0,0,0,0,0,0,0,0
Ag,V,0,0,0,1,0,0,0,0,0,0,0,0,0,0,0,1,0,0,0,0,0,0,0,1,0,0,0,0,0
Ag,Mn,0,0,0,0,0,0,0,0,0,0,7,0,0,0,0,0,7,1,0,0,0,3,0,7,5,0,4,0,0
Ag,Fe,1,0,0,1,0,0,0,0,0,0,18,0,1,0,0,0,1,19,1,6,1,2,1,19,6,0,2,1,0
Ag,Ni,0,0,0,0,0,0,0,0,0,0,1,0,0,0,0,0,0,1,1,0,0,0,0,1,0,0,0,0,0
Ag,Cu,2,0,0,4,0,0,0,0,0,0,45,3,2,0,0,0,0,6,0,57,5,14,6,57,16,0,21,13,0
Ag,Zn,1,0,0,1,0,0,0,0,0,0,8,1,0,0,0,0,0,1,0,5,9,3,0,9,3,0,1,0,0
Ag,As,0,0,0,2,0,0,0,0,0,0,50,1,0,0,0,0,3,2,0,14,3,53,0,53,20,0,20,0,0
Ag,Se,0,0,0,0,0,0,0,0,0,0,4,0,0,0,0,0,0,1,0,6,0,0,15,15,2,0,3,4,0
Ag,Ag,4,0,0,8,1,0,0,0,0,0,157,9,2,0,0,1,7,19,1,57,9,53,15,210,69,0,70,37,0
Ag,Sb,1,0,0,3,0,0,0,0,0,0,63,1,1,0,0,0,5,6,0,16,3,20,2,69,69,0,35,7,0
Ag,Ba,0,0,0,0,0,0,0,0,0,0,0,0,0,0,0,0,0,0,0,0,0,0,0,0,0,0,0,0,0
Ag,Pb,2,0,0,4,1,0,0,0,0,0,61,4,1,0,0,0,4,2,0,21,1,20,3,70,35,0,70,27,0
Ag,Bi,0,0,0,0,0,0,0,0,0,0,32,0,0,0,0,0,0,1,0,13,0,0,4,37,7,0,27,37,0
Ag,U,0,0,0,0,0,0,0,0,0,0,0,0,0,0,0,0,0,0,0,0,0,0,0,0,0,0,0,0,0
Sb,H,36,0,0,36,0,7,2,5,2,0,10,3,2,5,3,0,2,6,2,5,3,10,0,1,36,0,4,0,0
Sb,B,0,4,0,4,0,0,3,1,0,0,0,0,0,0,0,0,3,1,0,0,0,0,0,0,4,0,0,0,0
Sb,C,0,0,0,0,0,0,0,0,0,0,0,0,0,0,0,0,0,0,0,0,0,0,0,0,0,0,0,0,0
Sb,O,36,4,0,101,1,11,8,9,8,0,20,10,2,18,4,1,17,22,3,9,5,17,0,3,101,0,17,2,0
Sb,F,0,0,0,1,1,1,0,0,0,0,0,0,0,1,0,0,0,0,0,0,0,0,0,0,1,0,0,0,0
Sb,Na,7,0,0,11,1,11,0,0,0,0,3,1,1,1,1,0,0,0,0,1,0,3,0,0,11,0,0,0,0
Sb,Mg,2,3,0,8,0,0,8,2,1,0,0,0,0,1,0,0,3,3,0,0,1,0,0,0,8,0,0,0,0
Sb,Al,5,1,0,9,0,0,2,9,2,0,2,1,0,2,0,0,1,2,0,3,1,0,0,0,9,0,1,0,0
Sb,Si,2,0,0,8,0,0,1,2,8,0,0,0,0,1,0,0,6,3,0,0,1,1,0,0,8,0,0,0,0
Sb,P,0,0,0,0,0,0,0,0,0,0,0,0,0,0,0,0,0,0,0,0,0,0,0,0,0,0,0,0,0
Sb,S,10,0,0,20,0,3,0,2,0,0,181,6,4,2,0,2,11,18,7,47,4,57,1,63,181,0,92,17,0
Sb,Cl,3,0,0,10,0,1,0,1,0,0,6,13,0,2,0,0,0,0,0,4,0,3,0,1,13,0,9,0,0
Sb,K,2,0,0,2,0,1,0,0,0,0,4,0,4,0,0,0,0,1,0,2,0,1,0,1,4,0,1,0,0
Sb,Ca,5,0,0,18,1,1,1,2,1,0,2,2,0,18,2,0,2,5,0,2,0,4,0,0,18,0,1,0,0
Sb,Ti,3,0,0,4,0,1,0,0,0,0,0,0,0,2,4,0,1,1,0,1,0,1,0,0,4,0,0,0,0
Sb,V,0,0,0,1,0,0,0,0,0,0,2,0,0,0,0,3,0,0,0,1,0,1,0,0,3,0,1,0,0
Sb,Mn,2,3,0,17,0,0,3,1,6,0,11,0,0,2,1,0,28,5,0,1,1,7,0,5,28,0,7,0,0
Sb,Fe,6,1,0,22,0,0,3,2,3,0,18,0,1,5,1,0,5,39,1,7,1,3,0,6,39,0,9,6,0
Sb,Ni,2,0,0,3,0,0,0,0,0,0,7,0,0,0,0,0,0,1,14,3,0,1,0,0,14,0,1,1,0
Sb,Cu,5,0,0,9,0,1,0,3,0,0,47,4,2,2,1,1,1,7,3,61,3,13,7,16,61,0,21,7,0
Sb,Zn,3,0,0,5,0,0,1,1,1,0,4,0,0,0,0,0,1,1,0,3,9,1,0,3,9,0,1,0,0
Sb,As,10,0,0,17,0,3,0,0,1,0,57,3,1,4,1,1,7,3,1,13,1,76,0,20,76,0,32,2,0
Sb,Se,0,0,0,0,0,0,0,0,0,0,1,0,0,0,0,0,0,0,0,7,0,0,10,2,10,0,0,0,0
Sb,Ag,1,0,0,3,0,0,0,0,0,0,63,1,1,0,0,0,5,6,0,16,3,20,2,69,69,0,35,7,0
Sb,Sb,36,4,0,101,1,11,8,9,8,0,181,13,4,18,4,3,28,39,14,61,9,76,10,69,305,0,103,20,0
Sb,Ba,0,0,0,0,0,0,0,0,0,0,0,0,0,0,0,0,0,0,0,0,0,0,0,0,0,0,0,0,0
Sb,Pb,4,0,0,17,0,0,0,1,0,0,92,9,1,1,0,1,7,9,1,21,1,32,0,35,103,0,103,15,0
Sb,Bi,0,0,0,2,0,0,0,0,0,0,17,0,0,0,0,0,0,6,1,7,0,2,0,7,20,0,15,20,0
Sb,U,0,0,0,0,0,0,0,0,0,0,0,0,0,0,0,0,0,0,0,0,0,0,0,0,0,0,0,0,0
Ba,H,156,7,13,156,26,55,15,44,93,33,7,13,30,36,47,14,28,39,0,2,2,9,1,0,0,156,2,0,14
Ba,B,7,14,0,14,5,4,1,0,14,1,0,3,2,5,6,1,1,2,0,0,0,0,0,0,0,14,1,0,0
Ba,C,13,0,32,32,13,10,3,6,8,4,1,3,1,14,1,1,0,3,0,0,0,0,0,0,0,32,0,0,0
Ba,O,156,14,32,250,53,74,25,51,143,47,10,19,35,60,72,22,32,56,0,5,3,11,1,0,0,250,3,0,14
Ba,F,26,5,13,53,57,28,6,8,34,15,1,5,8,21,24,3,10,12,0,0,1,1,0,0,0,57,1,0,0
Ba,Na,55,4,10,74,28,75,5,13,50,15,2,3,23,25,39,0,11,18,0,0,2,0,0,0,0,75,1,0,2
Ba,Mg,15,1,3,25,6,5,26,10,10,6,0,2,4,7,9,0,3,9,0,0,0,0,0,0,0,26,0,0,0
Ba,Al,44,0,6,51,8,13,10,53,32,12,3,3,11,17,4,2,2,8,0,1,0,3,0,0,0,53,0,0,0
Ba,Si,93,14,8,143,34,50,10,32,143,11,6,15,29,34,59,9,21,36,0,4,3,0,0,0,0,143,2,0,1
Ba,P,33,1,4,47,15,15,6,12,11,47,1,2,0,16,7,3,5,8,0,0,0,0,0,0,0,47,0,0,3
Ba,S,7,0,1,10,1,2,0,3,6,1,12,1,1,4,1,0,1,4,2,2,0,1,0,0,0,12,1,0,0
Ba,Cl,13,3,3,19,5,3,2,3,15,2,1,20,1,5,7,1,6,7,0,0,0,1,0,0,0,20,1,0,0
Ba,K,30,2,1,35,8,23,4,11,29,0,1,1,36,16,20,1,7,10,1,2,0,0,0,0,0,36,2,0,1
Ba,Ca,36,5,14,60,21,25,7,17,34,16,4,5,16,61,9,3,9,12,0,1,0,1,0,0,0,61,3,0,3
Ba,Ti,47,6,1,72,24,39,9,4,59,7,1,7,20,9,72,4,11,26,0,0,2,1,0,0,0,72,0,0,0
Ba,V,14,1,1,22,3,0,0,2,9,3,0,1,1,3,4,22,2,2,0,1,0,1,0,0,0,22,0,0,1
Ba,Mn,28,1,0,32,10,11,3,2,21,5,1,6,7,9,11,2,32,8,0,0,0,1,0,0,0,32,1,0,0
Ba,Fe,39,2,3,56,12,18,9,8,36,8,4,7,10,12,26,2,8,58,2,2,0,3,0,0,0,58,2,0,0
Ba,Ni,0,0,0,0,0,0,0,0,0,0,2,0,1,0,0,0,0,2,2,2,0,0,0,0,0,2,1,0,0
Ba,Cu,2,0,0,5,0,0,0,1,4,0,2,0,2,1,0,1,0,2,2,7,0,0,0,0,0,7,1,0,0
Ba,Zn,2,0,0,3,1,2,0,0,3,0,0,0,0,0,2,0,0,0,0,0,3,0,0,0,0,3,0,0,0
Ba,As,9,0,0,11,1,0,0,3,0,0,1,1,0,1,1,1,1,3,0,0,0,11,0,0,0,11,0,0,2
Ba,Se,1,0,0,1,0,0,0,0,0,0,0,0,0,0,0,0,0,0,0,0,0,0,1,0,0,1,0,0,1
Ba,Ag,0,0,0,0,0,0,0,0,0,0,0,0,0,0,0,0,0,0,0,0,0,0,0,0,0,0,0,0,0
Ba,Sb,0,0,0,0,0,0,0,0,0,0,0,0,0,0,0,0,0,0,0,0,0,0,0,0,0,0,0,0,0
Ba,Ba,156,14,32,250,57,75,26,53,143,47,12,20,36,61,72,22,32,58,2,7,3,11,1,0,0,256,4,0,14
Ba,Pb,2,1,0,3,1,1,0,0,2,0,1,1,2,3,0,0,1,2,1,1,0,0,0,0,0,4,4,0,1
Ba,Bi,0,0,0,0,0,0,0,0,0,0,0,0,0,0,0,0,0,0,0,0,0,0,0,0,0,0,0,0,0
Ba,U,14,0,0,14,0,2,0,0,1,3,0,0,1,3,0,1,0,0,0,0,0,2,1,0,0,14,1,0,14
Pb,H,229,5,27,228,7,6,8,29,30,30,49,41,5,18,4,15,21,44,1,59,28,46,7,2,4,2,229,5,28
Pb,B,5,7,3,7,3,0,2,0,4,0,0,3,1,2,0,0,1,0,0,0,0,0,0,0,0,1,7,0,0
Pb,C,27,3,34,34,1,2,3,4,7,0,8,7,0,2,0,0,2,1,0,5,0,0,0,0,0,0,34,0,1
Pb,O,228,7,34,360,15,12,9,33,49,36,74,82,11,32,10,25,34,65,1,73,36,62,13,4,17,3,360,6,34
Pb,F,7,3,1,15,20,2,1,3,3,2,3,7,1,5,1,0,1,1,0,0,1,0,0,1,0,1,20,0,1
Pb,Na,6,0,2,12,2,12,1,2,0,1,3,3,4,5,3,0,2,5,0,2,1,2,0,0,0,1,12,0,3
Pb,Mg,8,2,3,9,1,1,9,1,5,0,1,2,1,2,0,0,2,4,0,1,1,2,0,0,0,0,9,0,1
Pb,Al,29,0,4,33,3,2,1,34,11,7,9,4,1,9,0,1,3,7,0,6,1,3,0,0,1,0,34,0,1
Pb,Si,30,4,7,49,3,0,5,11,49,0,7,10,1,16,0,2,7,10,0,7,6,3,0,0,0,2,49,0,1
Pb,P,30,0,0,36,2,1,0,7,0,36,3,2,0,4,0,2,1,10,0,6,5,2,0,0,0,0,36,2,7
Pb,S,49,0,8,74,3,3,1,9,7,3,268,21,5,4,0,1,10,26,5,80,8,68,13,61,92,1,268,76,0
Pb,Cl,41,3,7,82,7,3,2,4,10,2,21,99,5,5,0,6,4,8,0,21,3,19,4,4,9,1,99,3,0
Pb,K,5,1,0,11,1,4,1,1,1,0,5,5,14,3,1,0,0,2,0,5,1,1,1,1,1,2,14,0,3
Pb,Ca,18,2,2,32,5,5,2,9,16,4,4,5,3,33,0,1,3,5,0,6,2,4,1,0,1,3,33,0,2
Pb,Ti,4,0,0,10,1,3,0,0,0,0,0,0,1,0,10,2,6,8,0,0,3,1,0,0,0,0,10,0,4
Pb,V,15,0,0,25,0,0,0,1,2,2,1,6,0,1,2,26,5,7,0,2,3,3,0,0,1,0,26,1,2
Pb,Mn,21,1,2,34,1,2,2,3,7,1,10,4,0,3,6,5,41,15,0,0,6,7,0,4,7,1,41,0,2
Pb,Fe,44,0,1,65,1,5,4,7,10,10,26,8,2,5,8,7,15,83,3,16,9,15,0,2,9,2,83,8,5
Pb,Ni,1,0,0,1,0,0,0,0,0,0,5,0,0,0,0,0,0,3,6,2,0,1,0,0,1,1,6,1,0
Pb,Cu,59,0,5,73,0,2,1,6,7,6,80,21,5,6,0,2,0,16,2,138,5,20,20,21,21,1,138,44,1
Pb,Zn,28,0,0,36,1,1,1,1,6,5,8,3,1,2,3,3,6,9,0,5,36,14,1,1,1,0,36,0,1
Pb,As,46,0,0,62,0,2,2,3,3,2,68,19,1,4,1,3,7,15,1,20,14,125,0,20,32,0,125,6,3
Pb,Se,7,0,0,13,0,0,0,0,0,0,13,4,1,1,0,0,0,0,0,20,1,0,31,3,0,0,31,18,1
Pb,Ag,2,0,0,4,1,0,0,0,0,0,61,4,1,0,0,0,4,2,0,21,1,20,3,70,35,0,70,27,0
Pb,Sb,4,0,0,17,0,0,0,1,0,0,92,9,1,1,0,1,7,9,1,21,1,32,0,35,103,0,103,15,0
Pb,Ba,2,1,0,3,1,1,0,0,2,0,1,1,2,3,0,0,1,2,1,1,0,0,0,0,0,4,4,0,1
Pb,Pb,229,7,34,360,20,12,9,34,49,36,268,99,14,33,10,26,41,83,6,138,36,125,31,70,103,4,594,94,34
Pb,Bi,5,0,0,6,0,0,0,0,0,2,76,3,0,0,0,1,0,8,1,44,0,6,18,27,15,0,94,94,2
Pb,U,28,0,1,34,1,3,1,1,1,7,0,0,3,2,4,2,2,5,0,1,1,3,1,0,0,1,34,2,34
Bi,H,44,0,0,43,0,1,1,1,1,11,4,2,0,2,0,5,0,10,1,8,0,14,1,0,0,0,5,44,7
Bi,B,0,0,0,0,0,0,0,0,0,0,0,0,0,0,0,0,0,0,0,0,0,0,0,0,0,0,0,0,0
Bi,C,0,0,3,3,1,0,0,0,0,0,0,0,0,2,0,0,0,0,0,0,0,0,0,0,0,0,0,3,0
Bi,O,43,0,3,84,3,5,1,1,3,12,11,6,1,4,0,8,0,12,2,12,0,18,2,0,2,0,6,84,7
Bi,F,0,0,1,3,4,1,0,0,0,0,0,0,0,1,0,0,0,0,0,0,0,0,0,0,0,0,0,4,0
Bi,Na,1,0,0,5,1,5,0,0,0,0,3,1,0,0,0,0,0,0,0,1,0,0,0,0,0,0,0,5,0
Bi,Mg,1,0,0,1,0,0,1,0,0,0,0,0,0,0,0,0,0,1,0,0,0,1,0,0,0,0,0,1,0
Bi,Al,1,0,0,1,0,0,0,1,0,1,0,0,0,0,0,0,0,0,0,0,0,0,0,0,0,0,0,1,0
Bi,Si,1,0,0,3,0,0,0,0,3,0,0,0,0,0,0,0,0,1,0,0,0,0,0,0,0,0,0,3,0
Bi,P,11,0,0,12,0,0,0,1,0,12,0,1,0,1,0,0,0,3,0,2,0,1,0,0,0,0,2,12,3
Bi,S,4,0,0,11,0,3,0,0,0,0,125,5,1,0,0,0,1,10,6,48,0,6,12,32,17,0,76,125,0
Bi,Cl,2,0,0,6,0,1,0,0,0,1,5,11,1,1,0,0,0,1,0,3,0,2,1,0,0,0,3,11,0
Bi,K,0,0,0,1,0,0,0,0,0,0,1,1,1,0,0,0,0,1,0,1,0,0,0,0,0,0,0,1,0
Bi,Ca,2,0,2,4,1,0,0,0,0,1,0,1,0,4,0,0,0,1,0,2,0,1,0,0,0,0,0,4,0
Bi,Ti,0,0,0,0,0,0,0,0,0,0,0,0,0,0,0,0,0,0,0,0,0,0,0,0,0,0,0,0,0
Bi,V,5,0,0,8,0,0,0,0,0,0,0,0,0,0,0,8,0,0,0,2,0,0,0,0,0,0,1,8,0
Bi,Mn,0,0,0,0,0,0,0,0,0,0,1,0,0,0,0,0,1,0,0,0,0,0,0,0,0,0,0,1,0
Bi,Fe,10,0,0,12,0,0,1,0,1,3,10,1,1,1,0,0,0,21,0,10,0,5,0,1,6,0,8,21,0
Bi,Ni,1,0,0,2,0,0,0,0,0,0,6,0,0,0,0,0,0,0,9,1,0,3,0,0,1,0,1,9,0
Bi,Cu,8,0,0,12,0,1,0,0,0,2,48,3,1,2,0,2,0,10,1,67,0,4,16,13,7,0,44,67,0
Bi,Zn,0,0,0,0,0,0,0,0,0,0,0,0,0,0,0,0,0,0,0,0,0,0,0,0,0,0,0,0,0
Bi,As,14,0,0,18,0,0,1,0,0,1,6,2,0,1,0,0,0,5,3,4,0,25,0,0,2,0,6,25,4
Bi,Se,1,0,0,2,0,0,0,0,0,0,12,1,0,0,0,0,0,0,0,16,0,0,32,4,0,0,18,32,0
Bi,Ag,0,0,0,0,0,0,0,0,0,0,32,0,0,0,0,0,0,1,0,13,0,0,4,37,7,0,27,37,0
Bi,Sb,0,0,0,2,0,0,0,0,0,0,17,0,0,0,0,0,0,6,1,7,0,2,0,7,20,0,15,20,0
Bi,Ba,0,0,0,0,0,0,0,0,0,0,0,0,0,0,0,0,0,0,0,0,0,0,0,0,0,0,0,0,0
Bi,Pb,5,0,0,6,0,0,0,0,0,2,76,3,0,0,0,1,0,8,1,44,0,6,18,27,15,0,94,94,2
Bi,Bi,44,0,3,84,4,5,1,1,3,12,125,11,1,4,0,8,1,21,9,67,0,25,32,37,20,0,94,241,7
Bi,U,7,0,0,7,0,0,0,0,0,3,0,0,0,0,0,0,0,0,0,0,0,4,0,0,0,0,2,7,7
U,H,279,0,40,279,10,37,23,20,19,52,59,2,28,59,13,22,7,22,4,18,4,35,7,0,0,14,28,7,279
U,B,0,0,0,0,0,0,0,0,0,0,0,0,0,0,0,0,0,0,0,0,0,0,0,0,0,0,0,0,0
U,C,40,0,43,43,2,7,7,0,2,0,2,0,4,25,0,0,0,0,0,4,1,0,0,0,0,0,1,0,43
U,O,279,0,43,306,12,42,23,20,21,53,59,2,30,67,19,22,8,30,4,18,4,36,7,0,0,14,34,7,306
U,F,10,0,2,12,12,3,2,5,0,1,3,0,0,4,2,2,0,2,0,0,0,2,0,0,0,0,1,0,12
U,Na,37,0,7,42,3,42,2,1,3,2,20,1,6,11,2,1,1,2,0,0,0,1,1,0,0,2,3,0,42
U,Mg,23,0,7,23,2,2,23,0,2,2,5,0,1,5,0,0,0,1,0,1,0,4,0,0,0,0,1,0,23
U,Al,20,0,0,20,5,1,0,20,0,13,4,0,0,0,0,2,0,1,0,0,0,2,0,0,0,0,1,0,20
U,Si,19,0,2,21,0,3,2,0,21,0,0,0,3,7,0,0,0,0,0,1,0,0,0,0,0,1,1,0,21
U,P,52,0,0,53,1,2,2,13,0,53,3,0,3,10,0,1,2,6,0,3,0,1,0,0,0,3,7,3,53
U,S,59,0,2,59,3,20,5,4,0,3,59,1,9,3,0,2,2,7,1,2,1,0,0,0,0,0,0,0,59
U,Cl,2,0,0,2,0,1,0,0,0,0,1,2,0,0,0,0,0,0,0,0,0,0,0,0,0,0,0,0,2
U,K,28,0,4,30,0,6,1,0,3,3,9,0,30,8,0,3,1,1,0,0,0,2,0,0,0,1,3,0,30
U,Ca,59,0,25,67,4,11,5,0,7,10,3,0,8,67,6,3,0,5,0,3,1,4,1,0,0,3,2,0,67
U,Ti,13,0,0,19,2,2,0,0,0,0,0,0,0,6,19,5,4,11,0,0,1,1,0,0,0,0,4,0,19
U,V,22,0,0,22,2,1,0,2,0,1,2,0,3,3,5,22,4,5,0,1,1,0,0,0,0,1,2,0,22
U,Mn,7,0,0,8,0,1,0,0,0,2,2,0,1,0,4,4,8,4,0,0,1,0,0,0,0,0,2,0,8
U,Fe,22,0,0,30,2,2,1,1,0,6,7,0,1,5,11,5,4,30,0,0,1,3,0,0,0,0,5,0,30
U,Ni,4,0,0,4,0,0,0,0,0,0,1,0,0,0,0,0,0,0,4,0,0,3,0,0,0,0,0,0,4
U,Cu,18,0,4,18,0,0,1,0,1,3,2,0,0,3,0,1,0,0,0,18,0,2,3,0,0,0,1,0,18
U,Zn,4,0,1,4,0,0,0,0,0,0,1,0,0,1,1,1,1,1,0,0,4,1,0,0,0,0,1,0,4
U,As,35,0,0,36,2,1,4,2,0,1,0,0,2,4,1,0,0,3,3,2,1,36,0,0,0,2,3,4,36
U,Se,7,0,0,7,0,1,0,0,0,0,0,0,0,1,0,0,0,0,0,3,0,0,7,0,0,1,1,0,7
U,Ag,0,0,0,0,0,0,0,0,0,0,0,0,0,0,0,0,0,0,0,0,0,0,0,0,0,0,0,0,0
U,Sb,0,0,0,0,0,0,0,0,0,0,0,0,0,0,0,0,0,0,0,0,0,0,0,0,0,0,0,0,0
U,Ba,14,0,0,14,0,2,0,0,1,3,0,0,1,3,0,1,0,0,0,0,0,2,1,0,0,14,1,0,14
U,Pb,28,0,1,34,1,3,1,1,1,7,0,0,3,2,4,2,2,5,0,1,1,3,1,0,0,1,34,2,34
U,Bi,7,0,0,7,0,0,0,0,0,3,0,0,0,0,0,0,0,0,0,0,0,4,0,0,0,0,2,7,7
U,U,279,0,43,306,12,42,23,20,21,53,59,2,30,67,19,22,8,30,4,18,4,36,7,0,0,14,34,7,306
